timestamp,vib_x,vib_y,vib_z,vib_rms
1788592695.0574403,0.4791,0.3772,0.9425,1.1226
1788592695.1074402,0.4201,0.3788,0.9615,1.1156
1788592695.1574402,0.4354,0.4233,0.9446,1.123
1788592695.2074404,0.4638,0.3863,0.8791,1.0664
1788592695.2574403,0.4594,0.388,0.9752,1.1457
1788592695.3074403,0.4538,0.3904,0.907,1.0867
1788592695.3574402,0.4879,0.4141,0.9364,1.1342
1788592695.4074402,0.4952,0.4282,0.957,1.1595
1788592695.4574404,0.448,0.3563,0.9438,1.1038
1788592695.5074403,0.4096,0.3987,0.8968,1.0635
1788592695.5574403,0.4164,0.3891,0.9658,1.1214
1788592695.6074402,0.3905,0.3503,0.9573,1.0916
1788592695.6574402,0.4729,0.3637,0.9336,1.1079
1788592695.7074404,0.4787,0.3982,0.9447,1.1314
1788592695.7574403,0.4288,0.362,0.9769,1.1266
1788592695.8074403,0.4227,0.4218,0.9629,1.133
1788592695.8574402,0.3806,0.4173,0.9715,1.1237
1788592695.9074402,0.4676,0.3892,0.8888,1.0771
1788592695.9574404,0.48,0.3351,0.9843,1.1452
1788592696.0074403,0.4667,0.4164,0.9624,1.1478
1788592696.0574403,0.4221,0.4359,0.893,1.0796
1788592696.1074402,0.4722,0.4017,0.9557,1.1392
1788592696.1574402,0.4844,0.3708,0.9626,1.1396
1788592696.2074404,0.4352,0.3999,0.9166,1.0906
1788592696.2574403,0.4415,0.3551,0.9639,1.1181
1788592696.3074403,0.4359,0.36,0.8591,1.0284
1788592696.3574402,0.4644,0.4129,0.9892,1.1682
1788592696.4074402,0.5053,0.3591,0.9784,1.1583
1788592696.4574404,0.4776,0.3999,0.9085,1.1015
1788592696.5074403,0.4506,0.3522,0.9333,1.0946
1788592696.5574403,0.475,0.4276,0.9765,1.1671
1788592696.6074402,0.452,0.4431,0.9168,1.1141
1788592696.6574402,0.4488,0.3842,0.9778,1.1424
1788592696.7074404,0.5031,0.4245,0.9637,1.1671
1788592696.7574403,0.4548,0.3755,0.9545,1.122
1788592696.8074403,0.4446,0.3622,0.9392,1.1004
1788592696.8574402,0.4084,0.3787,1.0031,1.1474
1788592696.9074402,0.4355,0.4488,0.9143,1.1077
1788592696.9574404,0.4636,0.3272,0.9642,1.1188
1788592697.0074403,0.4475,0.3553,0.9597,1.1169
1788592697.0574403,0.4343,0.3751,1.0141,1.1652
1788592697.1074402,0.4456,0.3796,0.9629,1.1269
1788592697.1574402,0.4001,0.4267,0.8877,1.0631
1788592697.2074404,0.4081,0.3434,0.9463,1.0863
1788592697.2574403,0.4856,0.3726,0.9736,1.15
1788592697.3074403,0.4444,0.3989,0.9181,1.0952
1788592697.3574402,0.4442,0.4366,0.9537,1.1391
1788592697.4074402,0.4805,0.4474,0.9653,1.1674
1788592697.4574404,0.4619,0.3427,0.9713,1.1288
1788592697.5074403,0.4553,0.3732,0.9353,1.1052
1788592697.5574403,0.4482,0.3785,0.94,1.108
1788592697.6074402,0.4674,0.3831,0.9595,1.134
1788592697.6574402,0.4315,0.3835,0.9347,1.0986
1788592697.7074404,0.3845,0.4085,0.964,1.1154
1788592697.7574403,0.5159,0.4418,0.9537,1.1708
1788592697.8074403,0.4969,0.4217,0.9303,1.1359
1788592697.8574402,0.4857,0.4032,0.9312,1.125
1788592697.9074402,0.4319,0.3967,0.9275,1.0973
1788592697.9574404,0.4416,0.3601,0.9495,1.1074
1788592698.0074403,0.43,0.3719,0.9396,1.0982
1788592698.0574403,0.4592,0.3411,0.9553,1.1135
1788592698.1074402,0.4444,0.3871,0.8967,1.073
1788592698.1574402,0.462,0.3661,0.8882,1.066
1788592698.2074404,0.382,0.3534,1.0438,1.1663
1788592698.2574403,0.466,0.3609,1.0082,1.1678
1788592698.3074403,0.4686,0.4069,0.87,1.0687
1788592698.3574402,0.4038,0.3354,0.9513,1.0865
1788592698.4074402,0.4333,0.3631,0.9879,1.1382
1788592698.4574404,0.4693,0.3525,0.9723,1.1357
1788592698.5074403,0.4401,0.3832,0.8974,1.0704
1788592698.5574403,0.4199,0.3916,0.9392,1.1008
1788592698.6074402,0.4737,0.3253,0.9588,1.1178
1788592698.6574402,0.4853,0.3869,0.84,1.0444
1788592698.7074404,0.4005,0.4259,0.9542,1.1191
1788592698.7574403,0.4901,0.3269,0.9947,1.1561
1788592698.8074403,0.4943,0.3437,0.9745,1.1455
1788592698.8574402,0.476,0.3913,0.9237,1.1104
1788592698.9074402,0.4152,0.3799,0.9583,1.1113
1788592698.9574404,0.4617,0.4214,0.947,1.1347
1788592699.0074403,0.4335,0.3417,0.9321,1.0833
1788592699.0574403,0.4596,0.3865,0.9203,1.0989
1788592699.1074402,0.4237,0.4051,0.8588,1.0398
1788592699.1574402,0.4408,0.3605,0.9437,1.1022
1788592699.2074404,0.3714,0.4046,0.9288,1.079
1788592699.2574403,0.498,0.3626,1.0528,1.2198
1788592699.3074403,0.3934,0.3813,0.9451,1.0924
1788592699.3574402,0.4706,0.4064,0.9591,1.143
1788592699.4074402,0.4632,0.4158,0.956,1.1408
1788592699.4574404,0.4521,0.3674,0.8857,1.0601
1788592699.5074403,0.4685,0.3896,0.9247,1.1074
1788592699.5574403,0.4542,0.3988,0.9318,1.1107
1788592699.6074402,0.4957,0.4188,0.9689,1.1661
1788592699.6574402,0.4003,0.3363,0.9437,1.0788
1788592699.7074404,0.456,0.4166,0.9575,1.1394
1788592699.7574403,0.4426,0.3466,0.9379,1.0935
1788592699.8074403,0.4837,0.315,0.9834,1.1403
1788592699.8574402,0.4356,0.356,0.9138,1.0731
1788592699.9074402,0.5074,0.3628,0.8866,1.084
1788592699.9574404,0.4476,0.428,0.9531,1.1366
1788592700.0074403,0.4811,0.3653,0.9782,1.1497
1788592700.0574403,0.4251,0.371,0.925,1.0835
1788592700.1074402,0.4481,0.3256,0.9897,1.1342
1788592700.1574402,0.4198,0.3389,0.9071,1.0554
1788592700.2074404,0.4261,0.3704,0.942,1.0982
1788592700.2574403,0.4797,0.4696,0.9756,1.1842
1788592700.3074403,0.433,0.3697,0.9535,1.1106
1788592700.3574402,0.4317,0.3945,0.9163,1.087
1788592700.4074402,0.4518,0.3748,0.8893,1.0656
1788592700.4574404,0.4154,0.3732,0.9171,1.0737
1788592700.5074403,0.4202,0.3756,0.9656,1.118
1788592700.5574403,0.4612,0.3764,0.9488,1.1201
1788592700.6074402,0.4737,0.4012,0.9794,1.1596
1788592700.6574402,0.4895,0.3415,0.8777,1.0614
1788592700.7074404,0.4033,0.4067,0.9847,1.1392
1788592700.7574403,0.3713,0.3563,0.8639,1.0056
1788592700.8074403,0.4708,0.3792,0.944,1.121
1788592700.8574402,0.4062,0.3651,0.941,1.088
1788592700.9074402,0.4402,0.4101,0.9622,1.1348
1788592700.9574404,0.4303,0.4134,0.9825,1.1495
1788592701.0074403,0.4336,0.3897,0.9296,1.0973
1788592701.0574403,0.3927,0.3569,0.9582,1.0953
1788592701.1074402,0.4398,0.3609,0.9739,1.1279
1788592701.1574402,0.4429,0.3456,1.0024,1.1491
1788592701.2074404,0.4428,0.3866,0.9818,1.1443
1788592701.2574403,0.454,0.382,0.9614,1.1297
1788592701.3074403,0.4232,0.396,0.9665,1.127
1788592701.3574402,0.5063,0.3773,0.9445,1.1361
1788592701.4074402,0.4808,0.3838,0.9286,1.1139
1788592701.4574404,0.4598,0.4051,0.8599,1.0559
1788592701.5074403,0.442,0.3598,0.9625,1.1186
1788592701.5574403,0.4642,0.3945,0.9757,1.1503
1788592701.6074402,0.4388,0.3907,0.9606,1.126
1788592701.6574402,0.4115,0.3451,0.9224,1.0674
1788592701.7074404,0.4542,0.4024,0.9352,1.1148
1788592701.7574403,0.4495,0.35,0.949,1.1069
1788592701.8074403,0.4881,0.4114,1.0255,1.2079
1788592701.8574402,0.4304,0.3495,0.9575,1.1064
1788592701.9074402,0.3773,0.3548,0.9758,1.1047
1788592701.9574404,0.4257,0.4146,0.9841,1.1496
1788592702.0074403,0.4497,0.3796,0.9401,1.1091
1788592702.0574403,0.4313,0.3475,0.9782,1.1241
1788592702.1074402,0.453,0.4431,0.8726,1.0784
1788592702.1574402,0.4433,0.4029,1.0059,1.1708
1788592702.2074404,0.4701,0.3843,0.9794,1.1523
1788592702.2574403,0.4991,0.3717,0.9573,1.1418
1788592702.3074403,0.4362,0.3513,1.0117,1.1564
1788592702.3574402,0.4604,0.3976,0.9951,1.1663
1788592702.4074402,0.3981,0.4197,0.9089,1.0774
1788592702.4574404,0.4327,0.3668,0.8667,1.0358
1788592702.5074403,0.4626,0.3965,0.9221,1.1052
1788592702.5574403,0.3964,0.3653,0.9467,1.0894
1788592702.6074402,0.4901,0.3651,0.9327,1.1151
1788592702.6574402,0.4612,0.3518,0.995,1.1517
1788592702.7074404,0.4774,0.3957,0.8914,1.0859
1788592702.7574403,0.4495,0.3411,0.9014,1.0634
1788592702.8074403,0.4382,0.3808,0.9856,1.1439
1788592702.8574402,0.4826,0.3781,0.8688,1.0633
1788592702.9074402,0.4389,0.3703,0.937,1.099
1788592702.9574404,0.4145,0.3796,0.9074,1.0674
1788592703.0074403,0.3997,0.336,0.9531,1.0868
1788592703.0574403,0.5037,0.4156,0.9123,1.1219
1788592703.1074402,0.4711,0.3553,0.9265,1.0984
1788592703.1574402,0.4642,0.4104,0.9402,1.126
1788592703.2074404,0.4988,0.4014,0.9719,1.1638
1788592703.2574403,0.4891,0.3979,0.9267,1.1209
1788592703.3074403,0.4997,0.3651,0.9575,1.1401
1788592703.3574402,0.4206,0.3864,0.974,1.1291
1788592703.4074402,0.4164,0.4391,0.8937,1.0793
1788592703.4574404,0.4507,0.3421,1.0244,1.1703
1788592703.5074403,0.4897,0.3919,1.0193,1.1968
1788592703.5574403,0.4287,0.3091,0.9533,1.09
1788592703.6074402,0.4318,0.293,0.9441,1.0787
1788592703.6574402,0.4539,0.354,0.8832,1.0542
1788592703.7074404,0.4726,0.3718,0.9934,1.1612
1788592703.7574403,0.4608,0.341,0.9009,1.0678
1788592703.8074403,0.4501,0.3761,0.8583,1.0396
1788592703.8574402,0.4555,0.3593,1.0076,1.1627
1788592703.9074402,0.3724,0.3362,0.9071,1.0366
1788592703.9574404,0.4608,0.4083,0.8985,1.0892
1788592704.0074403,0.4391,0.3408,0.9225,1.077
1788592704.0574403,0.4131,0.4329,0.9839,1.1516
1788592704.1074402,0.4239,0.4033,0.8782,1.0553
1788592704.1574402,0.4325,0.4015,0.9189,1.0921
1788592704.2074404,0.4411,0.4233,0.9126,1.0984
1788592704.2574403,0.4688,0.3483,0.9644,1.1275
1788592704.3074403,0.4132,0.3881,0.9467,1.1034
1788592704.3574402,0.4841,0.3704,0.9922,1.1645
1788592704.4074402,0.407,0.3472,0.9367,1.0787
1788592704.4574404,0.4713,0.4146,0.8905,1.0895
1788592704.5074403,0.4542,0.4313,0.9378,1.1277
1788592704.5574403,0.4896,0.3523,1.0182,1.1835
1788592704.6074402,0.4984,0.3701,0.9505,1.1353
1788592704.6574402,0.5092,0.4055,0.9169,1.1245
1788592704.7074404,0.4391,0.417,0.9114,1.0942
1788592704.7574403,0.4512,0.3785,0.9868,1.1492
1788592704.8074403,0.4561,0.3659,0.9228,1.0925
1788592704.8574402,0.4623,0.3598,0.9752,1.1376
1788592704.9074402,0.4223,0.3741,0.9534,1.1078
1788592704.9574404,0.4744,0.3861,0.9151,1.1007
1788592705.0074403,0.3561,0.3601,0.9863,1.1087
1788592705.0574403,0.4375,0.3653,0.9715,1.1263
1788592705.1074402,0.4539,0.4174,0.9683,1.148
1788592705.1574402,0.4583,0.4361,0.9688,1.1571
1788592705.2074404,0.4241,0.369,0.9554,1.1085
1788592705.2574403,0.4291,0.3938,0.9423,1.1078
1788592705.3074403,0.4628,0.3767,0.9744,1.1426
1788592705.3574402,0.4524,0.3731,0.9897,1.1504
1788592705.4074402,0.4439,0.3597,0.9624,1.1192
1788592705.4574404,0.4454,0.3854,0.8837,1.062
1788592705.5074403,0.4592,0.3927,0.9773,1.149
1788592705.5574403,0.4583,0.3617,0.9652,1.128
1788592705.6074402,0.4303,0.3334,0.9404,1.0866
1788592705.6574402,0.3684,0.3779,0.9316,1.0707
1788592705.7074404,0.4192,0.3552,0.9368,1.086
1788592705.7574403,0.4815,0.3846,0.9538,1.1356
1788592705.8074403,0.4766,0.406,0.9829,1.1654
1788592705.8574402,0.4257,0.3613,0.9573,1.1082
1788592705.9074402,0.4314,0.4098,0.9717,1.1394
1788592705.9574404,0.4315,0.3722,0.9827,1.136
1788592706.0074403,0.4382,0.332,0.9516,1.099
1788592706.0574403,0.4309,0.3543,0.9092,1.0667
1788592706.1074402,0.4545,0.3765,0.9062,1.0814
1788592706.1574402,0.437,0.4323,0.9823,1.1588
1788592706.2074404,0.4667,0.3823,0.9339,1.1118
1788592706.2574403,0.4694,0.2924,0.9658,1.1129
1788592706.3074403,0.4163,0.4021,0.9455,1.1086
1788592706.3574402,0.4951,0.3493,0.8922,1.0785
1788592706.4074402,0.4877,0.4209,1.0062,1.1948
1788592706.4574404,0.4116,0.3795,0.9493,1.1021
1788592706.5074403,0.4194,0.3706,0.9706,1.1204
1788592706.5574403,0.4342,0.4041,1.0388,1.1962
1788592706.6074402,0.4707,0.3568,0.9692,1.135
1788592706.6574402,0.4685,0.3823,1.01,1.1772
1788592706.7074404,0.4708,0.4158,1.0003,1.1812
1788592706.7574403,0.4464,0.3833,0.9459,1.114
1788592706.8074403,0.4764,0.4185,0.9909,1.1764
1788592706.8574402,0.4792,0.35,0.9231,1.0974
1788592706.9074402,0.4273,0.4043,1.0296,1.1858
1788592706.9574404,0.4311,0.429,0.9244,1.1065
1788592707.0074403,0.4493,0.3665,0.9253,1.092
1788592707.0574403,0.4648,0.3661,0.9135,1.0884
1788592707.1074402,0.4257,0.3784,0.8576,1.0295
1788592707.1574402,0.4599,0.3804,0.9754,1.1435
1788592707.2074404,0.4529,0.3656,0.8862,1.0603
1788592707.2574403,0.418,0.3929,0.9152,1.0801
1788592707.3074403,0.4782,0.4111,0.9996,1.1819
1788592707.3574402,0.4936,0.3956,0.9779,1.1647
1788592707.4074402,0.4655,0.3473,0.9684,1.1292
1788592707.4574404,0.4365,0.3765,0.9278,1.0923
1788592707.5074403,0.461,0.3633,0.9874,1.1487
1788592707.5574403,0.4,0.3782,1.0074,1.148
1788592707.6074402,0.415,0.373,0.9921,1.1383
1788592707.6574402,0.4161,0.4108,1.0036,1.1615
1788592707.7074404,0.4542,0.3494,0.8965,1.064
1788592707.7574403,0.4563,0.3662,0.9288,1.0977
1788592707.8074403,0.4386,0.3609,0.9541,1.1104
1788592707.8574402,0.4824,0.3848,0.9418,1.126
1788592707.9074402,0.4865,0.3762,0.9079,1.0966
1788592707.9574404,0.4275,0.4102,0.9194,1.0938
1788592708.0074403,0.3848,0.3749,0.995,1.1308
1788592708.0574403,0.4893,0.3557,0.9618,1.1362
1788592708.1074402,0.5221,0.3825,0.9874,1.1806
1788592708.1574402,0.5166,0.3207,0.9145,1.0982
1788592708.2074404,0.4558,0.4007,0.9483,1.1259
1788592708.2574403,0.4111,0.3905,0.9217,1.0821
1788592708.3074403,0.4941,0.3897,0.9207,1.1152
1788592708.3574402,0.4788,0.426,0.8708,1.0812
1788592708.4074402,0.5043,0.37,0.9706,1.1547
1788592708.4574404,0.4312,0.3695,0.9401,1.0983
1788592708.5074403,0.513,0.3686,1.0098,1.1911
1788592708.5574403,0.3512,0.423,0.955,1.102
1788592708.6074402,0.4198,0.4129,0.9283,1.0993
1788592708.6574402,0.4341,0.4317,0.9623,1.1405
1788592708.7074404,0.4645,0.3744,0.9827,1.1496
1788592708.7574403,0.4792,0.3954,0.9849,1.1645
1788592708.8074403,0.4019,0.3465,0.9717,1.1072
1788592708.8574402,0.4255,0.3546,0.9282,1.0809
1788592708.9074402,0.4775,0.3523,1.0302,1.1889
1788592708.9574404,0.3788,0.3703,0.9318,1.0719
1788592709.0074403,0.4441,0.3891,0.9842,1.1477
1788592709.0574403,0.4806,0.3434,0.9343,1.1054
1788592709.1074402,0.4504,0.3958,0.9737,1.1435
1788592709.1574402,0.4739,0.3504,0.9288,1.1
1788592709.2074404,0.5106,0.388,0.9175,1.1194
1788592709.2574403,0.4768,0.3527,0.9708,1.1376
1788592709.3074403,0.4059,0.3463,0.9984,1.132
1788592709.3574402,0.4595,0.3243,0.9911,1.1396
1788592709.4074402,0.4139,0.3693,0.9936,1.138
1788592709.4574404,0.4259,0.371,0.9823,1.1331
1788592709.5074403,0.4759,0.3883,0.8954,1.0858
1788592709.5574403,0.3965,0.3776,0.9276,1.0771
1788592709.6074402,0.4322,0.4139,0.9347,1.1099
1788592709.6574402,0.4156,0.4076,1.0033,1.1599
1788592709.7074404,0.4573,0.3836,0.9546,1.1258
1788592709.7574403,0.4531,0.3996,1.0065,1.1739
1788592709.8074403,0.43,0.3296,0.9976,1.1352
1788592709.8574402,0.4194,0.4105,0.9223,1.0932
1788592709.9074402,0.4497,0.3847,0.9181,1.0923
1788592709.9574404,0.4927,0.3998,0.9285,1.1246
1788592710.0074403,0.421,0.3697,0.9605,1.112
1788592710.0574403,0.4099,0.3832,1.0081,1.1537
1788592710.1074402,0.3946,0.3775,1.0014,1.1406
1788592710.1574402,0.4526,0.4194,0.9812,1.1591
1788592710.2074404,0.5111,0.3742,0.9192,1.1163
1788592710.2574403,0.4743,0.3848,0.9538,1.1326
1788592710.3074403,0.4303,0.4106,0.9772,1.144
1788592710.3574402,0.4454,0.4122,0.8886,1.0761
1788592710.4074402,0.4098,0.411,0.8259,1.0094
1788592710.4574404,0.4955,0.3904,0.9595,1.1483
1788592710.5074403,0.3841,0.3381,0.9354,1.0662
1788592710.5574403,0.4615,0.3803,0.9508,1.1232
1788592710.6074402,0.4697,0.3681,0.9818,1.1489
1788592710.6574402,0.4606,0.3871,0.9079,1.0892
1788592710.7074404,0.4471,0.3917,0.9456,1.1169
1788592710.7574403,0.4126,0.4387,0.9683,1.1403
1788592710.8074403,0.403,0.3826,0.9575,1.1071
1788592710.8574402,0.4863,0.3661,0.9582,1.1352
1788592710.9074402,0.4473,0.384,1.0444,1.1993
1788592710.9574404,0.4683,0.3592,0.89,1.0679
1788592711.0074403,0.4911,0.34,0.9749,1.1433
1788592711.0574403,0.4724,0.4105,0.9636,1.149
1788592711.1074402,0.4371,0.362,0.9924,1.1432
1788592711.1574402,0.4635,0.3757,0.9059,1.0847
1788592711.2074404,0.4724,0.3115,1.038,1.1822
1788592711.2574403,0.4422,0.3874,0.967,1.1317
1788592711.3074403,0.4592,0.352,0.9842,1.1417
1788592711.3574402,0.4274,0.3843,0.8969,1.0653
1788592711.4074402,0.4342,0.4296,0.9569,1.1352
1788592711.4574404,0.4854,0.4217,0.9685,1.1625
1788592711.5074403,0.4565,0.3567,0.9175,1.0851
1788592711.5574403,0.3878,0.393,0.9115,1.0657
1788592711.6074402,0.436,0.4029,0.8876,1.0678
1788592711.6574402,0.3847,0.4071,0.9584,1.1101
1788592711.7074404,0.4453,0.3455,0.8864,1.0504
1788592711.7574403,0.4865,0.3487,0.9379,1.1126
1788592711.8074403,0.415,0.4318,1.0161,1.1795
1788592711.8574402,0.4507,0.3617,0.9575,1.1184
1788592711.9074402,0.4609,0.3387,0.9098,1.0747
1788592711.9574404,0.4735,0.3649,0.8874,1.07
1788592712.0074403,0.4688,0.4239,0.946,1.1377
1788592712.0574403,0.4705,0.3676,0.9577,1.1286
1788592712.1074402,0.4666,0.4201,0.9552,1.1431
1788592712.1574402,0.4093,0.4114,1.0006,1.1567
1788592712.2074404,0.4311,0.3795,0.9946,1.1485
1788592712.2574403,0.4662,0.3799,1.011,1.1763
1788592712.3074403,0.4546,0.3845,0.9765,1.1437
1788592712.3574402,0.4269,0.3769,0.9681,1.1232
1788592712.4074402,0.4433,0.3741,1.0118,1.1663
1788592712.4574404,0.4991,0.3957,0.8883,1.093
1788592712.5074403,0.4436,0.4215,0.9543,1.1336
1788592712.5574403,0.4332,0.3999,0.9717,1.1366
1788592712.6074402,0.4492,0.3756,0.9217,1.092
1788592712.6574402,0.4632,0.369,1.0167,1.1766
1788592712.7074404,0.4683,0.4073,0.9565,1.1402
1788592712.7574403,0.4926,0.3728,0.9415,1.1261
1788592712.8074403,0.4395,0.3742,1.0147,1.1674
1788592712.8574402,0.5246,0.3589,0.9318,1.1279
1788592712.9074402,0.3828,0.4157,0.9395,1.0964
1788592712.9574404,0.5342,0.4053,0.8861,1.1112
1788592713.0074403,0.4434,0.3431,1.0225,1.1661
1788592713.0574403,0.4419,0.3731,0.9009,1.0706
1788592713.1074402,0.4448,0.3388,0.9544,1.1061
1788592713.1574402,0.4565,0.4073,0.9613,1.1395
1788592713.2074404,0.4693,0.3941,1.0141,1.1849
1788592713.2574403,0.5007,0.3877,0.9164,1.1139
1788592713.3074403,0.4628,0.4055,0.9798,1.157
1788592713.3574402,0.4805,0.3877,0.9634,1.1443
1788592713.4074402,0.4686,0.3598,0.9517,1.1202
1788592713.4574404,0.4663,0.3777,0.9651,1.1364
1788592713.5074403,0.4747,0.3662,0.9872,1.155
1788592713.5574403,0.4609,0.4171,0.9449,1.131
1788592713.6074402,0.463,0.3465,0.9066,1.0753
1788592713.6574402,0.4701,0.395,0.9009,1.0902
1788592713.7074404,0.5307,0.4041,1.0381,1.2339
1788592713.7574403,0.4377,0.3191,0.9858,1.1248
1788592713.8074403,0.4385,0.3802,0.8761,1.0509
1788592713.8574402,0.4443,0.3815,0.978,1.1399
1788592713.9074402,0.4887,0.4111,1.006,1.1916
1788592713.9574404,0.4477,0.3984,0.9548,1.1273
1788592714.0074403,0.3863,0.377,0.9283,1.0738
1788592714.0574403,0.4834,0.365,0.9481,1.1251
1788592714.1074402,0.481,0.4355,0.9977,1.1901
1788592714.1574402,0.4306,0.3956,0.9542,1.1191
1788592714.2074404,0.4254,0.3623,1.0167,1.1601
1788592714.2574403,0.4399,0.373,0.918,1.0841
1788592714.3074403,0.3988,0.3473,0.9686,1.1036
1788592714.3574402,0.4815,0.4435,0.8483,1.0715
1788592714.4074402,0.4615,0.3615,0.9801,1.142
1788592714.4574404,0.4591,0.3683,0.9273,1.0983
1788592714.5074403,0.4069,0.4151,0.9473,1.1114
1788592714.5574403,0.4187,0.3801,0.9539,1.1089
1788592714.6074402,0.4804,0.3356,0.9315,1.1005
1788592714.6574402,0.424,0.4012,0.9747,1.1361
1788592714.7074404,0.4298,0.3532,0.927,1.0811
1788592714.7574403,0.4085,0.3634,1.0718,1.2032
1788592714.8074403,0.4383,0.4484,0.916,1.1101
1788592714.8574402,0.4504,0.3167,0.9643,1.1104
1788592714.9074402,0.4057,0.3718,0.9011,1.0558
1788592714.9574404,0.4555,0.3696,0.9807,1.1427
1788592715.0074403,0.4689,0.3789,0.898,1.0816
1788592715.0574403,0.4541,0.3907,0.9847,1.1526
1788592715.1074402,0.467,0.4101,1.0072,1.1835
1788592715.1574402,0.4096,0.3539,0.9212,1.0685
1788592715.2074404,0.4863,0.4236,1.0364,1.2207
1788592715.2574403,0.4657,0.4175,0.9975,1.1774
1788592715.3074403,0.483,0.3828,0.9132,1.1017
1788592715.3574402,0.4944,0.3445,0.9934,1.1619
1788592715.4074402,0.4664,0.4296,0.9207,1.1179
1788592715.4574404,0.4568,0.4025,0.9249,1.1073
1788592715.5074403,0.4569,0.4046,0.9582,1.136
1788592715.5574403,0.42,0.3895,0.9215,1.085
1788592715.6074402,0.4467,0.3828,0.9803,1.1433
1788592715.6574402,0.4485,0.3454,0.9059,1.0682
1788592715.7074404,0.4406,0.3534,0.9405,1.0971
1788592715.7574403,0.4375,0.3013,0.9962,1.129
1788592715.8074403,0.4998,0.369,0.9257,1.1148
1788592715.8574402,0.4323,0.4116,0.9071,1.0859
1788592715.9074402,0.4583,0.3566,0.9661,1.1272
1788592715.9574404,0.424,0.4367,0.9999,1.1706
1788592716.0074403,0.3905,0.3673,0.9416,1.0835
1788592716.0574403,0.4532,0.3924,0.8713,1.0576
1788592716.1074402,0.4731,0.3989,1.0254,1.1977
1788592716.1574402,0.47,0.384,0.9269,1.1079
1788592716.2074404,0.4147,0.3991,0.9729,1.1304
1788592716.2574403,0.4664,0.3458,0.9699,1.1304
1788592716.3074403,0.4579,0.3056,1.0079,1.1484
1788592716.3574402,0.4506,0.3543,0.9485,1.1083
1788592716.4074402,0.4265,0.3744,0.9071,1.07
1788592716.4574404,0.4585,0.4138,0.8955,1.0878
1788592716.5074403,0.4384,0.3608,0.9748,1.1281
1788592716.5574403,0.4931,0.3626,0.9674,1.1448
1788592716.6074402,0.4141,0.3553,0.8654,1.0231
1788592716.6574402,0.4563,0.4071,0.9386,1.1202
1788592716.7074404,0.4433,0.3752,0.9403,1.1052
1788592716.7574403,0.4333,0.397,0.9606,1.1261
1788592716.8074403,0.441,0.3948,0.9552,1.1237
1788592716.8574402,0.4932,0.3736,0.9949,1.1716
1788592716.9074402,0.4373,0.3583,0.8837,1.0491
1788592716.9574404,0.4562,0.3843,0.9158,1.0929
1788592717.0074403,0.55,0.3532,0.9486,1.152
1788592717.0574403,0.4418,0.3899,0.8955,1.072
1788592717.1074402,0.4582,0.4388,0.9277,1.1239
1788592717.1574402,0.472,0.3664,0.9385,1.1126
1788592717.2074404,0.4533,0.3722,0.9562,1.1218
1788592717.2574403,0.4321,0.3507,0.9404,1.0927
1788592717.3074403,0.4241,0.3189,0.9962,1.1287
1788592717.3574402,0.4823,0.3941,0.9212,1.112
1788592717.4074402,0.4167,0.3992,0.8921,1.0625
1788592717.4574404,0.4515,0.4306,0.9695,1.1529
1788592717.5074403,0.453,0.3556,0.9748,1.1322
1788592717.5574403,0.4219,0.3959,1.0234,1.1756
1788592717.6074402,0.4527,0.3847,0.8563,1.0422
1788592717.6574402,0.4179,0.3338,0.9269,1.0701
1788592717.7074404,0.4122,0.4548,0.9832,1.1591
1788592717.7574403,0.4549,0.371,0.9836,1.1454
1788592717.8074403,0.4521,0.3719,1.0134,1.1703
1788592717.8574402,0.4529,0.3578,0.9791,1.1366
1788592717.9074402,0.4614,0.3885,0.9148,1.0958
1788592717.9574404,0.4408,0.3537,0.9645,1.1179
1788592718.0074403,0.4187,0.3192,0.8762,1.0222
1788592718.0574403,0.4706,0.3924,1.0027,1.1751
1788592718.1074402,0.4339,0.3869,0.9973,1.1544
1788592718.1574402,0.4252,0.4292,0.9679,1.141
1788592718.2074404,0.4813,0.3702,0.9726,1.1466
1788592718.2574403,0.4745,0.3292,0.9505,1.1122
1788592718.3074403,0.4387,0.3607,0.9216,1.0825
1788592718.3574402,0.4329,0.3434,0.9325,1.0839
1788592718.4074402,0.4354,0.4112,1.0238,1.1861
1788592718.4574404,0.4568,0.3581,0.8791,1.0534
1788592718.5074403,0.4399,0.3653,0.9359,1.0968
1788592718.5574403,0.4227,0.3701,0.9982,1.1454
1788592718.6074402,0.4537,0.4108,0.9018,1.0899
1788592718.6574402,0.514,0.3658,0.9048,1.103
1788592718.7074404,0.3986,0.3654,0.942,1.0862
1788592718.7574403,0.5,0.4006,0.9341,1.1327
1788592718.8074403,0.4551,0.374,0.9104,1.0844
1788592718.8574402,0.4858,0.3164,0.9504,1.1133
1788592718.9074402,0.4459,0.3308,1.0089,1.1516
1788592718.9574404,0.4523,0.3784,1.0051,1.1653
1788592719.0074403,0.4718,0.3367,0.9676,1.1279
1788592719.0574403,0.4507,0.3635,0.928,1.0938
1788592719.1074402,0.438,0.3733,0.9207,1.0858
1788592719.1574402,0.4544,0.3727,0.9551,1.1214
1788592719.2074404,0.4595,0.3953,0.9789,1.1514
1788592719.2574403,0.3912,0.3021,0.9707,1.0893
1788592719.3074403,0.4203,0.4208,0.927,1.1014
1788592719.3574402,0.4464,0.4295,0.9713,1.152
1788592719.4074402,0.4646,0.355,0.9225,1.0922
1788592719.4574404,0.4306,0.3819,0.9514,1.1119
1788592719.5074403,0.4393,0.3758,0.9359,1.1001
1788592719.5574403,0.4665,0.4055,0.9197,1.1081
1788592719.6074402,0.4526,0.3563,0.9584,1.1182
1788592719.6574402,0.3864,0.3288,0.9494,1.0765
1788592719.7074404,0.4252,0.4152,0.9188,1.0942
1788592719.7574403,0.4496,0.3692,0.8622,1.0401
1788592719.8074403,0.4731,0.385,0.9728,1.1482
1788592719.8574402,0.472,0.3817,0.9637,1.1389
1788592719.9074402,0.4641,0.3722,0.9229,1.098
1788592719.9574404,0.442,0.4133,0.995,1.1646
1788592720.0074403,0.4727,0.4178,0.965,1.1529
1788592720.0574403,0.4582,0.3573,0.9125,1.0818
1788592720.1074402,0.4976,0.3799,0.9151,1.1088
1788592720.1574402,0.4077,0.4087,0.9406,1.1036
1788592720.2074404,0.4909,0.3356,0.9969,1.1608
1788592720.2574403,0.4683,0.4029,0.8917,1.0848
1788592720.3074403,0.4753,0.3645,0.9696,1.1397
1788592720.3574402,0.4817,0.3955,0.9205,1.1117
1788592720.4074402,0.3748,0.3489,0.9661,1.0934
1788592720.4574404,0.4217,0.3655,0.8844,1.0457
1788592720.5074403,0.4825,0.3499,0.963,1.1325
1788592720.5574403,0.4588,0.4005,1.0336,1.1997
1788592720.6074402,0.4775,0.3556,1.0045,1.1677
1788592720.6574402,0.3837,0.4297,0.9796,1.1364
1788592720.7074404,0.4246,0.3595,0.9761,1.1235
1788592720.7574403,0.3741,0.4005,0.9231,1.0735
1788592720.8074403,0.4921,0.371,0.9753,1.1537
1788592720.8574402,0.4722,0.3754,0.9302,1.1087
1788592720.9074402,0.3955,0.3887,1.0343,1.1736
1788592720.9574404,0.4744,0.3563,0.9882,1.1526
1788592721.0074403,0.4509,0.3613,0.9431,1.106
1788592721.0574403,0.4028,0.4353,0.9609,1.1292
1788592721.1074402,0.4736,0.3709,0.9835,1.1529
1788592721.1574402,0.4768,0.3822,1.05,1.2149
1788592721.2074404,0.4943,0.3804,0.8534,1.057
1788592721.2574403,0.4145,0.3782,0.901,1.0614
1788592721.3074403,0.4778,0.4221,0.983,1.1716
1788592721.3574402,0.4774,0.3656,0.9492,1.1236
1788592721.4074402,0.5304,0.361,0.9243,1.1252
1788592721.4574404,0.4692,0.3964,0.9465,1.1283
1788592721.5074403,0.3851,0.3544,0.8803,1.0241
1788592721.5574403,0.4401,0.3498,0.9574,1.1103
1788592721.6074402,0.4869,0.367,0.952,1.1305
1788592721.6574402,0.4331,0.4215,0.9285,1.1079
1788592721.7074404,0.4307,0.4416,0.9046,1.0949
1788592721.7574403,0.4665,0.4109,0.9746,1.156
1788592721.8074403,0.4317,0.3777,1.0233,1.1731
1788592721.8574402,0.4366,0.3787,1.0093,1.1631
1788592721.9074402,0.4069,0.4173,0.9212,1.0901
1788592721.9574404,0.4747,0.39,0.9615,1.141
1788592722.0074403,0.4448,0.4008,0.8595,1.0475
1788592722.0574403,0.4931,0.3295,0.9291,1.1022
1788592722.1074402,0.4576,0.386,0.9614,1.1326
1788592722.1574402,0.4403,0.3499,0.986,1.1351
1788592722.2074404,0.4281,0.3994,0.9659,1.1295
1788592722.2574403,0.4656,0.3634,0.9901,1.1529
1788592722.3074403,0.4702,0.45,0.9219,1.1285
1788592722.3574402,0.4081,0.39,0.9218,1.0809
1788592722.4074402,0.482,0.372,0.8932,1.081
1788592722.4574404,0.4037,0.3968,0.9827,1.1341
1788592722.5074403,0.4722,0.3599,0.914,1.0899
1788592722.5574403,0.4846,0.3533,1.025,1.1876
1788592722.6074402,0.3941,0.378,1.0253,1.1617
1788592722.6574402,0.4292,0.3916,0.958,1.1204
1788592722.7074404,0.4423,0.3657,0.9905,1.1448
1788592722.7574403,0.4618,0.3756,0.8615,1.0471
1788592722.8074403,0.4628,0.4211,0.905,1.1002
1788592722.8574402,0.4406,0.3798,1.0369,1.1889
1788592722.9074402,0.4626,0.3885,0.9646,1.1381
1788592722.9574404,0.4516,0.4171,0.9616,1.1413
1788592723.0074403,0.4379,0.3827,0.9546,1.1178
1788592723.0574403,0.4021,0.3658,0.9186,1.0674
1788592723.1074402,0.4507,0.4062,0.9286,1.1092
1788592723.1574402,0.4614,0.3256,1.0135,1.1602
1788592723.2074404,0.4334,0.2914,0.9111,1.0502
1788592723.2574403,0.4512,0.3916,0.97,1.1392
1788592723.3074403,0.5061,0.4222,0.903,1.1179
1788592723.3574402,0.4393,0.3604,0.9207,1.0819
1788592723.4074402,0.4837,0.3659,0.8971,1.0829
1788592723.4574404,0.5163,0.3465,0.9851,1.1649
1788592723.5074403,0.4176,0.3707,0.8813,1.0433
1788592723.5574403,0.4271,0.3806,0.9044,1.0701
1788592723.6074402,0.4387,0.4781,0.9437,1.1453
1788592723.6574402,0.4976,0.363,0.931,1.1163
1788592723.7074404,0.4695,0.3886,0.9612,1.1381
1788592723.7574403,0.4509,0.361,0.9456,1.1081
1788592723.8074403,0.4564,0.4152,0.923,1.1102
1788592723.8574402,0.4138,0.425,0.964,1.1319
1788592723.9074402,0.4426,0.4182,0.9689,1.1444
1788592723.9574404,0.445,0.4164,0.9625,1.1392
1788592724.0074403,0.4893,0.3881,1.0122,1.1894
1788592724.0574403,0.379,0.3661,0.9307,1.0695
1788592724.1074402,0.3886,0.3256,1.0177,1.137
1788592724.1574402,0.4861,0.4586,0.9371,1.151
1788592724.2074404,0.4518,0.4226,0.9696,1.1501
1788592724.2574403,0.5401,0.3912,0.8807,1.1047
1788592724.3074403,0.4514,0.3173,0.9766,1.1217
1788592724.3574402,0.4059,0.3578,0.966,1.1072
1788592724.4074402,0.4543,0.4378,1.0285,1.2066
1788592724.4574404,0.4479,0.3326,0.935,1.0888
1788592724.5074403,0.4061,0.3641,0.894,1.0472
1788592724.5574403,0.4263,0.3896,0.9259,1.0912
1788592724.6074402,0.4883,0.3966,0.9456,1.1357
1788592724.6574402,0.442,0.3334,0.9125,1.0673
1788592724.7074404,0.406,0.3936,1.0117,1.159
1788592724.7574403,0.4513,0.3511,0.9954,1.1479
1788592724.8074403,0.5062,0.387,1.0125,1.1963
1788592724.8574402,0.4568,0.3418,0.9747,1.1294
1788592724.9074402,0.4832,0.4452,0.9938,1.1914
1788592724.9574404,0.4445,0.3682,0.897,1.0667
1788592725.0074403,0.4712,0.3882,0.9593,1.1371
1788592725.0574403,0.3868,0.3902,1.0114,1.151
1788592725.1074402,0.4003,0.3877,0.8641,1.0282
1788592725.1574402,0.4364,0.4139,1.0036,1.17
1788592725.2074404,0.4548,0.3671,0.9284,1.0971
1788592725.2574403,0.4398,0.3578,0.9337,1.0924
1788592725.3074403,0.4439,0.4394,1.0357,1.2095
1788592725.3574402,0.4263,0.42,0.975,1.144
1788592725.4074402,0.4452,0.4071,0.9307,1.1091
1788592725.4574404,0.4232,0.3887,0.928,1.0915
1788592725.5074403,0.4433,0.3791,0.96,1.1233
1788592725.5574403,0.4318,0.4306,0.8987,1.0861
1788592725.6074402,0.4324,0.4199,0.9773,1.1482
1788592725.6574402,0.4764,0.3751,0.9307,1.1108
1788592725.7074404,0.4431,0.41,0.9563,1.1309
1788592725.7574403,0.4581,0.3253,0.939,1.0943
1788592725.8074403,0.4621,0.4467,0.8998,1.1058
1788592725.8574402,0.4579,0.3658,0.9929,1.153
1788592725.9074402,0.5542,0.393,0.9901,1.2008
1788592725.9574404,0.4925,0.414,0.9775,1.1702
1788592726.0074403,0.4233,0.3647,1.0382,1.179
1788592726.0574403,0.4675,0.4342,0.9791,1.1686
1788592726.1074402,0.4723,0.3706,1.0382,1.1993
1788592726.1574402,0.503,0.3418,0.9602,1.1366
1788592726.2074404,0.4247,0.3587,0.9335,1.0865
1788592726.2574403,0.446,0.3466,0.9843,1.1349
1788592726.3074403,0.4836,0.4088,0.9142,1.1121
1788592726.3574402,0.4376,0.3675,0.9925,1.1453
1788592726.4074402,0.4737,0.3279,0.9256,1.0903
1788592726.4574404,0.4159,0.4226,0.9139,1.0894
1788592726.5074403,0.4313,0.3755,0.9436,1.1034
1788592726.5574403,0.4233,0.3367,0.9016,1.0514
1788592726.6074402,0.5087,0.4052,0.9107,1.1191
1788592726.6574402,0.4298,0.356,0.9368,1.0904
1788592726.7074404,0.4309,0.4024,0.9247,1.0967
1788592726.7574403,0.4406,0.3632,0.9282,1.0898
1788592726.8074403,0.4258,0.4145,0.9604,1.1294
1788592726.8574402,0.4419,0.4174,0.9825,1.1553
1788592726.9074402,0.4438,0.3471,0.9266,1.0844
1788592726.9574404,0.4493,0.3513,0.9462,1.1048
1788592727.0074403,0.4022,0.3181,0.9202,1.0534
1788592727.0574403,0.4632,0.4215,0.9211,1.1138
1788592727.1074402,0.4564,0.3539,0.977,1.1349
1788592727.1574402,0.4561,0.418,0.9179,1.1069
1788592727.2074404,0.41,0.3554,0.9104,1.0598
1788592727.2574403,0.4827,0.4171,0.9175,1.1175
1788592727.3074403,0.4403,0.3555,0.8858,1.0511
1788592727.3574402,0.4408,0.4227,0.9933,1.166
1788592727.4074402,0.4523,0.3741,0.9702,1.1339
1788592727.4574404,0.4606,0.3806,0.8903,1.0722
1788592727.5074403,0.4759,0.3485,0.9743,1.1389
1788592727.5574403,0.3996,0.3564,0.938,1.0801
1788592727.6074402,0.4347,0.4031,0.9408,1.112
1788592727.6574402,0.4982,0.4049,0.9243,1.1254
1788592727.7074404,0.4592,0.4157,0.9906,1.1683
1788592727.7574403,0.4347,0.3926,0.9592,1.1239
1788592727.8074403,0.3694,0.3694,0.9823,1.1126
1788592727.8574402,0.4217,0.3832,0.9216,1.0835
1788592727.9074402,0.4958,0.3578,0.9536,1.1328
1788592727.9574404,0.4311,0.3751,0.9942,1.1467
1788592728.0074403,0.3924,0.3116,0.9756,1.0968
1788592728.0574403,0.501,0.391,0.9744,1.1633
1788592728.1074402,0.5264,0.3422,0.9462,1.1356
1788592728.1574402,0.46,0.3991,0.978,1.1521
1788592728.2074404,0.4632,0.3822,0.9193,1.0981
1788592728.2574403,0.4356,0.3869,1.0157,1.1709
1788592728.3074403,0.4143,0.327,0.8622,1.0109
1788592728.3574402,0.4694,0.4116,0.9189,1.1109
1788592728.4074402,0.47,0.368,1.0478,1.2059
1788592728.4574404,0.4476,0.3403,0.9565,1.1095
1788592728.5074403,0.4979,0.4357,0.9114,1.1262
1788592728.5574403,0.4213,0.3379,0.9783,1.1175
1788592728.6074402,0.449,0.3421,0.9971,1.1458
1788592728.6574402,0.4815,0.3563,0.996,1.1622
1788592728.7074404,0.4659,0.3503,1.0661,1.215
1788592728.7574403,0.4611,0.3317,0.921,1.0821
1788592728.8074403,0.4013,0.328,1.0158,1.1404
1788592728.8574402,0.4402,0.3804,0.9445,1.1093
1788592728.9074402,0.4707,0.3776,0.9095,1.0915
1788592728.9574404,0.484,0.3942,0.9655,1.1497
1788592729.0074403,0.4249,0.4402,1.0001,1.1724
1788592729.0574403,0.475,0.395,1.0003,1.1757
1788592729.1074402,0.4789,0.438,0.9808,1.1761
1788592729.1574402,0.3998,0.3789,0.9398,1.0893
1788592729.2074404,0.3987,0.3826,0.9632,1.1104
1788592729.2574403,0.4762,0.3433,0.9021,1.0763
1788592729.3074403,0.4256,0.3614,0.9899,1.1365
1788592729.3574402,0.4206,0.3889,0.9748,1.1307
1788592729.4074402,0.4499,0.3573,0.9462,1.107
1788592729.4574404,0.374,0.4335,0.961,1.1186
1788592729.5074403,0.4994,0.3511,0.9836,1.1576
1788592729.5574403,0.4614,0.3453,1.0189,1.1706
1788592729.6074402,0.4811,0.3826,0.9824,1.1589
1788592729.6574402,0.4607,0.3616,1.0123,1.1695
1788592729.7074404,0.3916,0.3698,0.9331,1.0774
1788592729.7574403,0.3947,0.3286,0.8823,1.0209
1788592729.8074403,0.4856,0.3882,0.9357,1.1234
1788592729.8574402,0.4884,0.3125,0.9466,1.1101
1788592729.9074402,0.4499,0.4173,1.0071,1.1793
1788592729.9574404,0.4315,0.4002,0.9303,1.1008
1788592730.0074403,0.4265,0.4067,0.9692,1.1343
1788592730.0574403,0.4176,0.3751,0.9376,1.0928
1788592730.1074402,0.4675,0.3569,0.9732,1.1371
1788592730.1574402,0.409,0.4032,0.936,1.0982
1788592730.2074404,0.4363,0.3662,0.9576,1.1142
1788592730.2574403,0.4259,0.3636,0.9351,1.09
1788592730.3074403,0.4353,0.3629,0.9601,1.1149
1788592730.3574402,0.455,0.3582,0.9219,1.0887
1788592730.4074402,0.4196,0.3963,0.9412,1.1041
1788592730.4574404,0.4714,0.3519,0.9616,1.1273
1788592730.5074403,0.4709,0.3941,0.9557,1.136
1788592730.5574403,0.4773,0.3125,0.933,1.0936
1788592730.6074402,0.4951,0.3395,0.9251,1.1028
1788592730.6574402,0.4785,0.4022,0.8638,1.0662
1788592730.7074404,0.4672,0.4488,0.9156,1.1216
1788592730.7574403,0.3851,0.3982,1.0054,1.1479
1788592730.8074403,0.4356,0.3825,0.9605,1.1219
1788592730.8574402,0.4642,0.3431,0.9623,1.1221
1788592730.9074402,0.5217,0.4034,0.934,1.1434
1788592730.9574404,0.4469,0.3913,0.9078,1.0849
1788592731.0074403,0.4436,0.3243,0.9814,1.1248
1788592731.0574403,0.4231,0.4102,0.9179,1.0908
1788592731.1074402,0.4523,0.3768,0.9534,1.1205
1788592731.1574402,0.4404,0.346,0.8729,1.0371
1788592731.2074404,0.4445,0.3388,0.9598,1.1107
1788592731.2574403,0.48,0.3118,1.0122,1.1628
1788592731.3074403,0.4727,0.3243,0.9512,1.1106
1788592731.3574402,0.3979,0.4144,0.9774,1.1337
1788592731.4074402,0.5265,0.4408,0.9679,1.1867
1788592731.4574404,0.4527,0.3973,0.9193,1.099
1788592731.5074403,0.4573,0.3911,0.9484,1.1232
1788592731.5574403,0.4978,0.401,0.956,1.15
1788592731.6074402,0.4615,0.3648,0.9073,1.0813
1788592731.6574402,0.4684,0.4191,0.8683,1.0719
1788592731.7074404,0.4029,0.3443,0.9656,1.1015
1788592731.7574403,0.4059,0.4164,0.9123,1.0819
1788592731.8074403,0.4504,0.398,0.9677,1.1392
1788592731.8574402,0.48,0.3593,0.9487,1.1223
1788592731.9074402,0.4792,0.3578,0.9755,1.1442
1788592731.9574404,0.4852,0.4396,0.8887,1.1038
1788592732.0074403,0.4587,0.3446,1.0038,1.1562
1788592732.0574403,0.4244,0.3793,0.9596,1.1157
1788592732.1074402,0.4712,0.3775,0.911,1.0929
1788592732.1574402,0.366,0.3399,0.9128,1.0405
1788592732.2074404,0.4159,0.3489,0.9438,1.0888
1788592732.2574403,0.4301,0.4032,0.9875,1.1501
1788592732.3074403,0.4375,0.3852,0.9904,1.1492
1788592732.3574402,0.436,0.3838,0.9492,1.1128
1788592732.4074402,0.4236,0.4098,0.9508,1.1187
1788592732.4574404,0.4339,0.3933,0.8868,1.0627
1788592732.5074403,0.4554,0.4112,1.0222,1.1922
1788592732.5574403,0.4558,0.4065,0.9171,1.1018
1788592732.6074402,0.4186,0.3635,0.9549,1.1042
1788592732.6574402,0.456,0.3866,0.9095,1.0884
1788592732.7074404,0.4459,0.394,0.962,1.1312
1788592732.7574403,0.448,0.3639,0.9604,1.1205
1788592732.8074403,0.4594,0.395,0.9531,1.1294
1788592732.8574402,0.4321,0.4027,0.9879,1.151
1788592732.9074402,0.4304,0.3778,0.9052,1.0712
1788592732.9574404,0.4193,0.3963,0.8563,1.0325
1788592733.0074403,0.4728,0.3776,0.9717,1.1447
1788592733.0574403,0.4886,0.3555,0.9874,1.1576
1788592733.1074402,0.4467,0.3726,0.9725,1.1332
1788592733.1574402,0.4869,0.3252,0.9789,1.1406
1788592733.2074404,0.4982,0.3516,0.9345,1.1158
1788592733.2574403,0.4322,0.3595,0.9608,1.1132
1788592733.3074403,0.4253,0.3687,1.0062,1.1529
1788592733.3574402,0.4966,0.4305,0.9054,1.1188
1788592733.4074402,0.469,0.41,0.9676,1.1508
1788592733.4574404,0.4639,0.3894,0.8688,1.0591
1788592733.5074403,0.4753,0.3355,0.9099,1.08
1788592733.5574403,0.4547,0.3781,0.9568,1.1248
1788592733.6074402,0.4266,0.2833,0.9467,1.0763
1788592733.6574402,0.4446,0.4578,0.8823,1.0889
1788592733.7074404,0.4578,0.4018,1.011,1.1803
1788592733.7574403,0.418,0.3993,0.911,1.0789
1788592733.8074403,0.5081,0.3937,0.9615,1.1566
1788592733.8574402,0.4764,0.3819,1.0172,1.1864
1788592733.9074402,0.4554,0.426,1.0294,1.2035
1788592733.9574404,0.5055,0.3521,0.9253,1.1116
1788592734.0074403,0.4366,0.3978,0.8836,1.0628
1788592734.0574403,0.5024,0.3724,0.9016,1.0973
1788592734.1074402,0.4591,0.3357,0.9793,1.1325
1788592734.1574402,0.4938,0.3627,0.9837,1.1589
1788592734.2074404,0.435,0.3582,0.917,1.0763
1788592734.2574403,0.4606,0.4043,1.0306,1.1991
1788592734.3074403,0.4693,0.4247,0.9289,1.124
1788592734.3574402,0.4907,0.3759,0.9553,1.1378
1788592734.4074402,0.4523,0.3771,0.9448,1.1133
1788592734.4574404,0.4376,0.3725,0.9592,1.1182
1788592734.5074403,0.4432,0.351,1.0163,1.163
1788592734.5574403,0.4586,0.3908,0.8818,1.068
1788592734.6074402,0.4674,0.3806,0.9462,1.1219
1788592734.6574402,0.4534,0.4335,0.9431,1.1327
1788592734.7074404,0.4354,0.377,0.9504,1.1113
1788592734.7574403,0.4229,0.4067,0.9425,1.1102
1788592734.8074403,0.4921,0.3741,0.8856,1.08
1788592734.8574402,0.4081,0.3725,0.9477,1.097
1788592734.9074402,0.4206,0.3775,0.9552,1.1099
1788592734.9574404,0.4512,0.382,0.8984,1.0755
1788592735.0074403,0.3971,0.379,0.8759,1.0337
1788592735.0574403,0.4395,0.359,1.0089,1.1575
1788592735.1074402,0.4578,0.3726,0.9776,1.142
1788592735.1574402,0.4421,0.431,0.9452,1.129
1788592735.2074404,0.4712,0.3636,0.9105,1.0878
1788592735.2574403,0.4634,0.3824,0.9917,1.1595
1788592735.3074403,0.474,0.319,0.8849,1.0533
1788592735.3574402,0.4291,0.3224,0.8938,1.0426
1788592735.4074402,0.4063,0.4053,0.8902,1.0592
1788592735.4574404,0.4651,0.3847,0.9815,1.1522
1788592735.5074403,0.4336,0.4125,0.89,1.0725
1788592735.5574403,0.4769,0.3536,0.8843,1.0651
1788592735.6074402,0.475,0.387,0.9769,1.1531
1788592735.6574402,0.4295,0.3482,0.9385,1.0893
1788592735.7074404,0.4828,0.3499,0.9684,1.1372
1788592735.7574403,0.4067,0.3552,0.9633,1.1043
1788592735.8074403,0.4668,0.3717,0.9187,1.0955
1788592735.8574402,0.4203,0.3787,0.9464,1.1026
1788592735.9074402,0.4618,0.3964,0.9068,1.0921
1788592735.9574404,0.4478,0.3233,0.9712,1.1173
1788592736.0074403,0.381,0.3156,0.9354,1.0582
1788592736.0574403,0.4363,0.4074,0.9173,1.0944
1788592736.1074402,0.509,0.4065,0.9382,1.1422
1788592736.1574402,0.367,0.3433,0.9684,1.091
1788592736.2074404,0.475,0.379,0.9532,1.1304
1788592736.2574403,0.495,0.3398,0.9361,1.1121
1788592736.3074403,0.4634,0.3679,0.9952,1.1578
1788592736.3574402,0.4252,0.4017,0.9764,1.1382
1788592736.4074402,0.4753,0.4048,0.9132,1.1062
1788592736.4574404,0.4584,0.446,0.9276,1.1267
1788592736.5074403,0.4432,0.4069,0.9422,1.1179
1788592736.5574403,0.4429,0.4183,0.9769,1.1513
1788592736.6074402,0.4387,0.4448,0.9584,1.144
1788592736.6574402,0.4396,0.3667,0.9476,1.1071
1788592736.7074404,0.4481,0.4121,0.985,1.1579
1788592736.7574403,0.4296,0.4438,0.8851,1.0793
1788592736.8074403,0.4208,0.3617,0.9557,1.1051
1788592736.8574402,0.4376,0.3417,0.8587,1.0226
1788592736.9074402,0.4492,0.3821,0.9306,1.1017
1788592736.9574404,0.449,0.3883,0.9691,1.1365
1788592737.0074403,0.3725,0.3728,0.9295,1.0685
1788592737.0574403,0.4507,0.3542,0.9627,1.1204
1788592737.1074402,0.4772,0.4212,1.0423,1.2213
1788592737.1574402,0.5153,0.3682,0.9221,1.1186
1788592737.2074404,0.4351,0.3657,0.9327,1.0922
1788592737.2574403,0.5055,0.3952,0.9636,1.1577
1788592737.3074403,0.4275,0.4464,0.9625,1.1439
1788592737.3574402,0.4548,0.383,0.8886,1.0692
1788592737.4074402,0.4388,0.366,0.9859,1.1395
1788592737.4574404,0.4366,0.4038,0.9619,1.1309
1788592737.5074403,0.4649,0.3846,0.9321,1.1103
1788592737.5574403,0.446,0.3891,1.027,1.1853
1788592737.6074402,0.4831,0.3033,0.9641,1.1202
1788592737.6574402,0.4233,0.4167,0.9495,1.12
1788592737.7074404,0.4487,0.4133,0.9691,1.1451
1788592737.7574403,0.4749,0.3732,0.9957,1.1646
1788592737.8074403,0.4997,0.3747,1.0135,1.1905
1788592737.8574402,0.4729,0.4062,0.973,1.1556
1788592737.9074402,0.4048,0.3659,1.0015,1.1405
1788592737.9574404,0.4441,0.384,0.9777,1.1404
1788592738.0074403,0.4459,0.3381,0.9628,1.1136
1788592738.0574403,0.4567,0.3817,0.9657,1.1344
1788592738.1074402,0.4092,0.3116,0.981,1.1077
1788592738.1574402,0.4187,0.3861,0.9079,1.0718
1788592738.2074404,0.4509,0.415,1.0114,1.1826
1788592738.2574403,0.5046,0.4136,0.982,1.179
1788592738.3074403,0.4516,0.3786,0.9159,1.0891
1788592738.3574402,0.4217,0.3895,0.9207,1.085
1788592738.4074402,0.4476,0.3952,0.9494,1.1216
1788592738.4574404,0.4328,0.3474,0.9915,1.1363
1788592738.5074403,0.483,0.3498,0.962,1.1319
1788592738.5574403,0.4694,0.3669,0.9772,1.1445
1788592738.6074402,0.4407,0.3675,1.0021,1.1548
1788592738.6574402,0.4797,0.4027,0.9661,1.1514
1788592738.7074404,0.4547,0.3567,0.9441,1.1069
1788592738.7574403,0.461,0.3646,0.9091,1.0826
1788592738.8074403,0.4493,0.3785,0.9243,1.0952
1788592738.8574402,0.4436,0.4231,0.8847,1.0763
1788592738.9074402,0.45,0.4048,0.9897,1.1601
1788592738.9574404,0.4258,0.3707,0.9338,1.0912
1788592739.0074403,0.4443,0.3715,0.9619,1.1228
1788592739.0574403,0.4726,0.376,0.9503,1.126
1788592739.1074402,0.5075,0.3921,0.9567,1.1518
1788592739.1574402,0.4479,0.4125,0.9559,1.1334
1788592739.2074404,0.4403,0.3752,0.9336,1.0983
1788592739.2574403,0.466,0.3494,0.9754,1.1361
1788592739.3074403,0.4487,0.3351,0.9214,1.0782
1788592739.3574402,0.418,0.3881,0.9244,1.0862
1788592739.4074402,0.4567,0.4051,0.9826,1.1568
1788592739.4574404,0.4189,0.3883,0.9574,1.1148
1788592739.5074403,0.5029,0.3915,1.0258,1.2077
1788592739.5574403,0.4388,0.4203,0.9624,1.1382
1788592739.6074402,0.4732,0.3853,0.9519,1.1307
1788592739.6574402,0.4635,0.3541,0.9254,1.0939
1788592739.7074404,0.4035,0.4045,0.9354,1.0961
1788592739.7574403,0.4363,0.4219,0.9843,1.1564
1788592739.8074403,0.4226,0.3259,0.9795,1.1154
1788592739.8574402,0.4706,0.394,0.9426,1.1248
1788592739.9074402,0.5066,0.4164,0.9013,1.1146
1788592739.9574404,0.4125,0.3621,0.9568,1.1031
1788592740.0074403,0.4185,0.3785,0.8561,1.0253
1788592740.0574403,0.3916,0.4355,0.9747,1.1371
1788592740.1074402,0.4469,0.3936,0.9582,1.1282
1788592740.1574402,0.4234,0.4181,0.9213,1.0968
1788592740.2074404,0.4193,0.419,0.9995,1.1621
1788592740.2574403,0.4487,0.3712,0.9396,1.1054
1788592740.3074403,0.4959,0.384,0.9374,1.1279
1788592740.3574402,0.4516,0.383,0.8857,1.0654
1788592740.4074402,0.4867,0.4163,0.9089,1.1119
1788592740.4574404,0.434,0.3985,0.9926,1.1543
1788592740.5074403,0.4239,0.3704,0.978,1.1284
1788592740.5574403,0.4856,0.3389,0.9785,1.1437
1788592740.6074402,0.479,0.3672,0.989,1.1586
1788592740.6574402,0.4123,0.3791,0.8604,1.0266
1788592740.7074404,0.4699,0.3576,0.9483,1.1171
1788592740.7574403,0.4119,0.4336,0.953,1.1251
1788592740.8074403,0.4572,0.4057,0.9554,1.1342
1788592740.8574402,0.415,0.3608,0.9342,1.084
1788592740.9074402,0.4593,0.3758,0.8984,1.0767
1788592740.9574404,0.4485,0.3213,0.9624,1.1093
1788592741.0074403,0.4422,0.362,0.9133,1.0774
1788592741.0574403,0.4186,0.4179,0.9569,1.125
1788592741.1074402,0.4708,0.3955,0.9576,1.138
1788592741.1574402,0.439,0.3955,0.9695,1.1354
1788592741.2074404,0.4789,0.374,0.9496,1.1274
1788592741.2574403,0.432,0.3556,0.9634,1.1141
1788592741.3074403,0.458,0.3559,0.9603,1.1219
1788592741.3574402,0.4654,0.3243,0.9609,1.1158
1788592741.4074402,0.4229,0.3954,0.9312,1.0965
1788592741.4574404,0.4474,0.4013,0.9332,1.11
1788592741.5074403,0.44,0.3985,1.0608,1.2156
1788592741.5574403,0.4854,0.3973,0.938,1.1284
1788592741.6074402,0.4625,0.3816,0.9876,1.1554
1788592741.6574402,0.4802,0.3416,1.0034,1.1637
1788592741.7074404,0.4589,0.3729,0.9814,1.1458
1788592741.7574403,0.4511,0.3626,0.9279,1.0936
1788592741.8074403,0.4564,0.3629,0.9811,1.1413
1788592741.8574402,0.4761,0.3997,0.8772,1.0751
1788592741.9074402,0.437,0.4095,0.8838,1.0676
1788592741.9574404,0.4187,0.3721,1.0008,1.1469
1788592742.0074403,0.4532,0.4059,0.9723,1.147
1788592742.0574403,0.4387,0.3036,0.9394,1.0803
1788592742.1074402,0.4309,0.4505,0.89,1.0866
1788592742.1574402,0.4301,0.3664,0.9516,1.1067
1788592742.2074404,0.512,0.3774,0.978,1.1666
1788592742.2574403,0.4596,0.3814,0.9625,1.1327
1788592742.3074403,0.4817,0.3669,0.8709,1.0607
1788592742.3574402,0.4809,0.3712,0.9633,1.1389
1788592742.4074402,0.443,0.3501,0.9936,1.1428
1788592742.4574404,0.4653,0.3815,0.949,1.1237
1788592742.5074403,0.5004,0.3495,0.9553,1.1336
1788592742.5574403,0.4656,0.3663,0.9382,1.1096
1788592742.6074402,0.4464,0.3716,0.9057,1.0759
1788592742.6574402,0.3938,0.3218,0.9325,1.0622
1788592742.7074404,0.4145,0.4199,1.0129,1.1722
1788592742.7574403,0.4754,0.3503,0.9441,1.1136
1788592742.8074403,0.4598,0.3766,0.8992,1.0779
1788592742.8574402,0.386,0.3305,0.8648,1.003
1788592742.9074402,0.4291,0.3707,0.963,1.1175
1788592742.9574404,0.4339,0.3886,1.01,1.1659
1788592743.0074403,0.3543,0.3615,0.9546,1.0805
1788592743.0574403,0.4558,0.444,1.0028,1.1876
1788592743.1074402,0.4349,0.4101,0.8866,1.0693
1788592743.1574402,0.429,0.4237,0.9919,1.1608
1788592743.2074404,0.4779,0.3947,0.9703,1.1514
1788592743.2574403,0.4599,0.4233,0.988,1.1691
1788592743.3074403,0.4312,0.3312,0.9068,1.0573
1788592743.3574402,0.406,0.3616,0.9448,1.0901
1788592743.4074402,0.4464,0.3598,0.9669,1.1241
1788592743.4574404,0.4086,0.4771,0.9988,1.1799
1788592743.5074403,0.4288,0.4033,0.9042,1.0789
1788592743.5574403,0.4393,0.4026,0.9804,1.1473
1788592743.6074402,0.4338,0.4009,0.9723,1.1377
1788592743.6574402,0.4198,0.3932,0.9595,1.1187
1788592743.7074404,0.4159,0.3326,0.9445,1.0843
1788592743.7574403,0.4352,0.3755,0.9439,1.1051
1788592743.8074403,0.4559,0.3738,0.9734,1.138
1788592743.8574402,0.4097,0.36,0.9157,1.0658
1788592743.9074402,0.468,0.4047,0.8961,1.0889
1788592743.9574404,0.4917,0.4106,0.9024,1.1067
1788592744.0074403,0.4186,0.3227,0.9776,1.1113
1788592744.0574403,0.4793,0.3681,0.9247,1.1047
1788592744.1074402,0.4944,0.4065,0.9523,1.1474
1788592744.1574402,0.4344,0.3741,0.9348,1.0966
1788592744.2074404,0.4161,0.3463,0.9641,1.1057
1788592744.2574403,0.4707,0.3792,0.9394,1.1171
1788592744.3074403,0.4249,0.3324,0.881,1.033
1788592744.3574402,0.3881,0.4088,0.8954,1.0581
1788592744.4074402,0.4247,0.3811,0.9282,1.0896
1788592744.4574404,0.4413,0.3472,0.9685,1.1195
1788592744.5074403,0.4072,0.3802,0.9234,1.0784
1788592744.5574403,0.4977,0.414,0.8817,1.0938
1788592744.6074402,0.4385,0.3388,1.0059,1.1484
1788592744.6574402,0.4563,0.37,0.9465,1.114
1788592744.7074404,0.4819,0.3919,0.9081,1.1002
1788592744.7574403,0.4166,0.3751,0.9624,1.1138
1788592744.8074403,0.4911,0.3945,0.9313,1.1243
1788592744.8574402,0.4677,0.3902,0.9722,1.1472
1788592744.9074402,0.5074,0.3867,0.9508,1.145
1788592744.9574404,0.4314,0.4186,0.9265,1.1044
1788592745.0074403,0.3809,0.3327,0.9445,1.0714
1788592745.0574403,0.4301,0.3967,0.882,1.0584
1788592745.1074402,0.4405,0.3882,0.9684,1.1325
1788592745.1574402,0.4143,0.4178,1.0063,1.1657
1788592745.2074404,0.4978,0.3658,0.9936,1.17
1788592745.2574403,0.4589,0.3778,0.9312,1.1047
1788592745.3074403,0.4666,0.3636,0.9357,1.107
1788592745.3574402,0.4625,0.3976,1.0124,1.1819
1788592745.4074402,0.4773,0.4044,0.9014,1.0972
1788592745.4574404,0.4582,0.4014,0.8906,1.079
1788592745.5074403,0.4183,0.4005,0.9836,1.1414
1788592745.5574403,0.4489,0.3725,1.0334,1.1867
1788592745.6074402,0.4525,0.3918,0.933,1.1085
1788592745.6574402,0.421,0.3569,0.9302,1.0816
1788592745.7074404,0.5017,0.3789,0.9377,1.129
1788592745.7574403,0.4313,0.3879,0.8741,1.0491
1788592745.8074403,0.4894,0.37,1.0125,1.1839
1788592745.8574402,0.4539,0.3885,0.9664,1.1362
1788592745.9074402,0.4338,0.3732,0.8985,1.0653
1788592745.9574404,0.4784,0.3647,0.8702,1.0579
1788592746.0074403,0.481,0.373,0.9589,1.1358
1788592746.0574403,0.478,0.3215,0.9974,1.1518
1788592746.1074402,0.4671,0.3763,0.9974,1.1639
1788592746.1574402,0.4396,0.3526,0.9405,1.0964
1788592746.2074404,0.4557,0.3483,0.9677,1.1249
1788592746.2574403,0.447,0.3712,0.9079,1.0779
1788592746.3074403,0.4739,0.3671,0.9441,1.1183
1788592746.3574402,0.407,0.3919,0.9246,1.0836
1788592746.4074402,0.4536,0.3188,0.9634,1.1115
1788592746.4574404,0.501,0.3727,0.949,1.136
1788592746.5074403,0.464,0.35,0.9496,1.1133
1788592746.5574403,0.401,0.383,0.9797,1.1257
1788592746.6074402,0.4807,0.3912,0.9772,1.1572
1788592746.6574402,0.4125,0.3785,0.9095,1.068
1788592746.7074404,0.4696,0.3539,0.9363,1.1056
1788592746.7574403,0.4474,0.4054,0.9679,1.1408
1788592746.8074403,0.4791,0.4088,0.8796,1.0818
1788592746.8574402,0.4723,0.3935,1.0023,1.1758
1788592746.9074402,0.42,0.3541,0.9739,1.1182
1788592746.9574404,0.4698,0.4356,0.9333,1.132
1788592747.0074403,0.4439,0.3532,0.916,1.0774
1788592747.0574403,0.4359,0.3788,0.9478,1.1099
1788592747.1074402,0.4621,0.3379,0.9725,1.1285
1788592747.1574402,0.4373,0.3938,0.9101,1.0838
1788592747.2074404,0.4896,0.4004,0.9914,1.176
1788592747.2574403,0.4504,0.3678,0.8932,1.0658
1788592747.3074403,0.4367,0.373,0.9111,1.077
1788592747.3574402,0.4057,0.3469,0.9783,1.1145
1788592747.4074402,0.4447,0.3596,1.0128,1.1631
1788592747.4574404,0.4663,0.3626,0.9185,1.092
1788592747.5074403,0.4718,0.3876,0.9449,1.125
1788592747.5574403,0.4485,0.3366,0.9263,1.0828
1788592747.6074402,0.4335,0.4151,0.9824,1.1512
1788592747.6574402,0.4593,0.3616,0.9645,1.1278
1788592747.7074404,0.4302,0.3865,0.943,1.1062
1788592747.7574403,0.4301,0.3723,0.9703,1.1248
1788592747.8074403,0.4439,0.3781,0.9947,1.153
1788592747.8574402,0.4532,0.4134,0.9458,1.1273
1788592747.9074402,0.4681,0.3895,0.914,1.0983
1788592747.9574404,0.4746,0.3771,0.9169,1.0992
1788592748.0074403,0.4719,0.3552,0.9592,1.1265
1788592748.0574403,0.4266,0.386,0.9372,1.0997
1788592748.1074402,0.4595,0.4123,0.9442,1.1281
1788592748.1574402,0.4728,0.3795,0.8968,1.0825
1788592748.2074404,0.4765,0.3498,0.9387,1.1093
1788592748.2574403,0.4384,0.3842,0.9046,1.0762
1788592748.3074403,0.4548,0.3484,1.0296,1.1783
1788592748.3574402,0.471,0.3626,0.9309,1.1045
1788592748.4074402,0.4386,0.3563,0.9379,1.095
1788592748.4574404,0.5156,0.3662,0.902,1.1016
1788592748.5074403,0.4473,0.3863,0.9786,1.1432
1788592748.5574403,0.4782,0.3454,0.9348,1.1054
1788592748.6074402,0.5081,0.3869,0.9633,1.1558
1788592748.6574402,0.4913,0.2829,0.9793,1.1316
1788592748.7074404,0.4082,0.362,0.9294,1.0777
1788592748.7574403,0.4941,0.4271,0.9879,1.1843
1788592748.8074403,0.4545,0.3815,0.9623,1.1305
1788592748.8574402,0.3934,0.4133,1.0011,1.1523
1788592748.9074402,0.3998,0.3762,0.9037,1.0574
1788592748.9574404,0.4593,0.4033,0.8765,1.0686
1788592749.0074403,0.4201,0.3345,0.9075,1.0545
1788592749.0574403,0.4326,0.3748,0.939,1.0997
1788592749.1074402,0.437,0.4231,0.967,1.1424
1788592749.1574402,0.4109,0.3356,0.9586,1.0956
1788592749.2074404,0.4748,0.3906,0.9882,1.1638
1788592749.2574403,0.4607,0.3035,0.9775,1.1224
1788592749.3074403,0.445,0.3921,0.9502,1.1201
1788592749.3574402,0.4179,0.3974,0.9954,1.1504
1788592749.4074402,0.4998,0.3463,0.8964,1.0832
1788592749.4574404,0.4502,0.3359,0.9567,1.1094
1788592749.5074403,0.4567,0.3866,0.924,1.1008
1788592749.5574403,0.4589,0.3729,0.9759,1.1411
1788592749.6074402,0.4505,0.3719,0.9698,1.1322
1788592749.6574402,0.3895,0.3504,0.926,1.0639
1788592749.7074404,0.5158,0.3519,0.96,1.1452
1788592749.7574403,0.432,0.3655,0.9043,1.0668
1788592749.8074403,0.4401,0.3233,0.9144,1.0651
1788592749.8574402,0.457,0.3623,0.9854,1.145
1788592749.9074402,0.4449,0.339,0.9173,1.0744
1788592749.9574404,0.463,0.3501,0.9522,1.1152
1788592750.0074403,0.4607,0.3798,0.9445,1.1174
1788592750.0574403,0.459,0.4478,0.9637,1.1576
1788592750.1074402,0.4292,0.3774,0.856,1.0293
1788592750.1574402,0.4245,0.4001,0.9775,1.1383
1788592750.2074404,0.469,0.4003,1.0097,1.1831
1788592750.2574403,0.42,0.3949,0.9613,1.1209
1788592750.3074403,0.4556,0.4365,0.9468,1.1378
1788592750.3574402,0.4711,0.3869,0.9566,1.1343
1788592750.4074402,0.4329,0.4178,0.9926,1.1607
1788592750.4574404,0.4512,0.3786,0.9478,1.1159
1788592750.5074403,0.464,0.3685,0.9145,1.0897
1788592750.5574403,0.4357,0.3872,0.9883,1.1474
1788592750.6074402,0.5144,0.3871,0.8939,1.1016
1788592750.6574402,0.4428,0.3824,0.8828,1.0591
1788592750.7074404,0.4733,0.3407,1.0036,1.1607
1788592750.7574403,0.469,0.3709,0.9172,1.0949
1788592750.8074403,0.4349,0.3438,1.0207,1.1615
1788592750.8574402,0.4133,0.3753,0.938,1.0916
1788592750.9074402,0.4396,0.3959,0.8792,1.0597
1788592750.9574404,0.4285,0.3943,0.874,1.0502
1788592751.0074403,0.4797,0.3993,0.945,1.1325
1788592751.0574403,0.4349,0.4,0.9149,1.0891
1788592751.1074402,0.4408,0.3717,0.8997,1.0686
1788592751.1574402,0.4302,0.3248,0.938,1.0819
1788592751.2074404,0.4611,0.3541,0.9651,1.1267
1788592751.2574403,0.4532,0.4449,0.9048,1.1054
1788592751.3074403,0.4056,0.36,0.9749,1.1156
1788592751.3574402,0.5066,0.3857,0.9699,1.1602
1788592751.4074402,0.4647,0.3622,0.8428,1.0283
1788592751.4574404,0.4819,0.3817,0.943,1.1257
1788592751.5074403,0.4399,0.4099,1.0055,1.1716
1788592751.5574403,0.4143,0.4039,1.0167,1.1698
1788592751.6074402,0.4809,0.4014,0.9643,1.1499
1788592751.6574402,0.457,0.3829,0.9377,1.1112
1788592751.7074404,0.4484,0.4126,0.9749,1.1497
1788592751.7574403,0.4505,0.3751,0.9676,1.1313
1788592751.8074403,0.4439,0.3245,0.9724,1.1171
1788592751.8574402,0.4132,0.3584,1.0117,1.1501
1788592751.9074402,0.4511,0.4166,1.0185,1.1893
1788592751.9574404,0.4618,0.3869,0.9185,1.0985
1788592752.0074403,0.448,0.3881,0.9162,1.0912
1788592752.0574403,0.4277,0.38,0.9432,1.1032
1788592752.1074402,0.4468,0.3894,0.9401,1.1113
1788592752.1574402,0.4054,0.3983,0.9586,1.1144
1788592752.2074404,0.4859,0.4013,0.9987,1.1809
1788592752.2574403,0.4759,0.3817,0.9664,1.1428
1788592752.3074403,0.4529,0.3389,0.9317,1.09
1788592752.3574402,0.4468,0.3367,0.8892,1.0506
1788592752.4074402,0.4936,0.3989,0.9583,1.1494
1788592752.4574404,0.4313,0.4143,0.9184,1.096
1788592752.5074403,0.4435,0.3905,0.9736,1.1389
1788592752.5574403,0.4423,0.3431,0.9516,1.104
1788592752.6074402,0.4378,0.3694,0.9145,1.0791
1788592752.6574402,0.4203,0.2887,0.8978,1.0325
1788592752.7074404,0.4676,0.3687,0.9369,1.1101
1788592752.7574403,0.5244,0.3644,0.9456,1.141
1788592752.8074403,0.4418,0.3882,0.9693,1.1338
1788592752.8574402,0.4138,0.3615,0.9251,1.076
1788592752.9074402,0.443,0.3841,0.9138,1.0857
1788592752.9574404,0.3869,0.3578,0.8757,1.022
1788592753.0074403,0.4346,0.3684,0.9088,1.0726
1788592753.0574403,0.4928,0.4081,0.9405,1.1375
1788592753.1074402,0.3686,0.3466,0.8931,1.0265
1788592753.1574402,0.4816,0.4015,0.9566,1.1438
1788592753.2074404,0.4428,0.3446,1.0225,1.1663
1788592753.2574403,0.485,0.4427,1.0101,1.2048
1788592753.3074403,0.5101,0.3749,0.9555,1.1462
1788592753.3574402,0.4565,0.3528,0.9359,1.0994
1788592753.4074402,0.526,0.3989,0.9508,1.1575
1788592753.4574404,0.4136,0.3784,0.9451,1.0988
1788592753.5074403,0.3906,0.4169,0.9312,1.0925
1788592753.5574403,0.492,0.3799,0.9431,1.1295
1788592753.6074402,0.4963,0.4222,0.9638,1.1634
1788592753.6574402,0.4618,0.3786,0.9137,1.0915
1788592753.7074404,0.4649,0.4129,0.8705,1.0698
1788592753.7574403,0.5207,0.3588,1.0226,1.2023
1788592753.8074403,0.4687,0.3696,0.9236,1.0997
1788592753.8574402,0.4524,0.3561,0.8937,1.0631
1788592753.9074402,0.4937,0.3578,0.8824,1.0726
1788592753.9574404,0.4702,0.4158,0.8803,1.0812
1788592754.0074403,0.4046,0.3622,0.9864,1.126
1788592754.0574403,0.4642,0.3631,0.878,1.0575
1788592754.1074402,0.4346,0.369,0.9089,1.0729
1788592754.1574402,0.4997,0.3724,0.9138,1.1061
1788592754.2074404,0.4143,0.3776,0.9642,1.1153
1788592754.2574403,0.4151,0.3621,0.948,1.0964
1788592754.3074403,0.4195,0.3623,0.9718,1.1188
1788592754.3574402,0.4537,0.3736,1.0017,1.1614
1788592754.4074402,0.4575,0.3697,0.8774,1.0563
1788592754.4574404,0.4606,0.3875,0.936,1.1128
1788592754.5074403,0.4189,0.4214,0.8919,1.0717
1788592754.5574403,0.4342,0.3314,0.9883,1.1292
1788592754.6074402,0.4287,0.3672,1.007,1.1544
1788592754.6574402,0.4719,0.3712,0.9622,1.1342
1788592754.7074404,0.4323,0.3807,1.0419,1.1905
1788592754.7574403,0.45,0.3407,0.9681,1.1206
1788592754.8074403,0.3958,0.3279,0.9047,1.0405
1788592754.8574402,0.4786,0.3948,0.9508,1.1353
1788592754.9074402,0.4014,0.4122,0.9496,1.1103
1788592754.9574404,0.4786,0.3721,0.9711,1.1448
1788592755.0074403,0.4876,0.3433,0.9266,1.1019
1788592755.0574403,0.3768,0.4386,1.0581,1.2058
1788592755.1074402,0.4482,0.3866,0.9764,1.1418
1788592755.1574402,0.4636,0.3629,0.9592,1.1255
1788592755.2074404,0.4371,0.4356,0.9111,1.1004
1788592755.2574403,0.5164,0.4657,0.9235,1.156
1788592755.3074403,0.4626,0.3902,0.969,1.1425
1788592755.3574402,0.4224,0.3595,0.9251,1.0786
1788592755.4074402,0.4399,0.4186,0.8773,1.067
1788592755.4574404,0.4504,0.3853,1.0306,1.1889
1788592755.5074403,0.4645,0.3811,0.8777,1.0637
1788592755.5574403,0.4252,0.3931,1.0177,1.1709
1788592755.6074402,0.4352,0.3743,0.9154,1.0805
1788592755.6574402,0.4186,0.3295,0.9524,1.0913
1788592755.7074404,0.4065,0.3629,0.9557,1.1001
1788592755.7574403,0.4036,0.4278,0.957,1.1233
1788592755.8074403,0.4567,0.3637,0.8744,1.0514
1788592755.8574402,0.4681,0.3842,0.9297,1.1095
1788592755.9074402,0.46,0.4035,0.9996,1.172
1788592755.9574404,0.3792,0.3868,0.9526,1.0958
1788592756.0074403,0.4359,0.363,0.931,1.0902
1788592756.0574403,0.4406,0.3793,0.9444,1.109
1788592756.1074402,0.4614,0.3383,0.9721,1.128
1788592756.1574402,0.4547,0.4291,0.8973,1.0936
1788592756.2074404,0.4493,0.4154,0.94,1.1216
1788592756.2574403,0.4802,0.3824,0.9801,1.1565
1788592756.3074403,0.4562,0.352,0.9545,1.1149
1788592756.3574402,0.4396,0.4088,0.9506,1.1243
1788592756.4074402,0.4433,0.4228,0.9578,1.137
1788592756.4574404,0.4734,0.355,1.0188,1.1782
1788592756.5074403,0.4006,0.4062,0.9138,1.0773
1788592756.5574403,0.5001,0.4364,0.9618,1.1686
1788592756.6074402,0.5002,0.4212,0.9773,1.1759
1788592756.6574402,0.4881,0.3919,0.9268,1.1184
1788592756.7074404,0.4424,0.3478,1.0137,1.1594
1788592756.7574403,0.4567,0.3697,0.9494,1.1165
1788592756.8074403,0.4755,0.412,0.9194,1.1141
1788592756.8574402,0.3815,0.367,0.9455,1.0836
1788592756.9074402,0.4788,0.3855,0.8829,1.0758
1788592756.9574404,0.4972,0.3692,0.8621,1.0615
1788592757.0074403,0.5029,0.3551,0.959,1.1396
1788592757.0574403,0.5006,0.3766,0.9373,1.1274
1788592757.1074402,0.4166,0.3488,0.9257,1.0734
1788592757.1574402,0.4319,0.3614,0.9515,1.1057
1788592757.2074404,0.47,0.3702,0.955,1.1269
1788592757.2574403,0.4679,0.3608,1.0139,1.1735
1788592757.3074403,0.4869,0.3298,0.9381,1.1072
1788592757.3574402,0.4956,0.4372,0.9564,1.1625
1788592757.4074402,0.404,0.3534,0.9199,1.065
1788592757.4574404,0.4911,0.363,0.9944,1.167
1788592757.5074403,0.4193,0.3768,0.993,1.1419
1788592757.5574403,0.4428,0.4125,0.9812,1.1528
1788592757.6074402,0.3927,0.4211,0.9616,1.1208
1788592757.6574402,0.445,0.3578,0.9957,1.1478
1788592757.7074404,0.4903,0.3512,0.9938,1.1625
1788592757.7574403,0.4531,0.3719,0.9549,1.1205
1788592757.8074403,0.4819,0.3818,0.9319,1.1164
1788592757.8574402,0.4122,0.3617,0.9574,1.1033
1788592757.9074402,0.4518,0.3681,0.9288,1.0965
1788592757.9574404,0.507,0.342,0.9423,1.1234
1788592758.0074403,0.4715,0.314,0.9011,1.0644
1788592758.0574403,0.4467,0.434,0.9546,1.1398
1788592758.1074402,0.4584,0.4358,0.9423,1.1349
1788592758.1574402,0.4491,0.2614,0.9099,1.0478
1788592758.2074404,0.5256,0.3909,0.9619,1.1637
1788592758.2574403,0.3875,0.4106,0.8778,1.0437
1788592758.3074403,0.4264,0.3963,0.9606,1.1232
1788592758.3574402,0.3858,0.32,0.8876,1.0194
1788592758.4074402,0.4501,0.3856,0.9531,1.1224
1788592758.4574404,0.4232,0.3795,1.0266,1.1735
1788592758.5074403,0.4656,0.3957,0.9727,1.1487
1788592758.5574403,0.4513,0.3799,0.9322,1.1032
1788592758.6074402,0.4128,0.4005,0.8794,1.0508
1788592758.6574402,0.4204,0.3689,0.9807,1.129
1788592758.7074404,0.49,0.3169,0.9228,1.0918
1788592758.7574403,0.4334,0.3674,0.9853,1.1374
1788592758.8074403,0.4255,0.3241,1.0323,1.1626
1788592758.8574402,0.4649,0.379,0.8584,1.0472
1788592758.9074402,0.4501,0.4224,0.95,1.1329
1788592758.9574404,0.4333,0.3879,0.9372,1.103
1788592759.0074403,0.4596,0.371,0.9662,1.1324
1788592759.0574403,0.4303,0.3686,0.9654,1.1194
1788592759.1074402,0.472,0.365,0.9497,1.1216
1788592759.1574402,0.4656,0.3457,0.9711,1.1311
1788592759.2074404,0.4023,0.3914,0.9597,1.1118
1788592759.2574403,0.4223,0.3871,0.9442,1.1044
1788592759.3074403,0.4887,0.3803,0.9091,1.1
1788592759.3574402,0.4435,0.3799,0.9174,1.0875
1788592759.4074402,0.4402,0.4028,0.9208,1.0972
1788592759.4574404,0.4532,0.3234,0.9117,1.0683
1788592759.5074403,0.495,0.3553,1.0555,1.2187
1788592759.5574403,0.4456,0.3709,0.8785,1.0526
1788592759.6074402,0.4645,0.3711,0.9633,1.132
1788592759.6574402,0.43,0.345,0.9534,1.1013
1788592759.7074404,0.3731,0.378,0.9799,1.1146
1788592759.7574403,0.4251,0.3926,0.9613,1.122
1788592759.8074403,0.4626,0.3782,0.9558,1.1272
1788592759.8574402,0.4133,0.3741,0.9934,1.1391
1788592759.9074402,0.3935,0.3896,0.9391,1.0902
1788592759.9574404,0.4371,0.4131,0.9495,1.1239
1788592760.0074403,0.4761,0.4131,0.9657,1.1532
1788592760.0574403,0.4135,0.3503,0.9732,1.1139
1788592760.1074402,0.4768,0.4079,0.9436,1.1332
1788592760.1574402,0.5101,0.3946,0.95,1.1482
1788592760.2074404,0.48,0.4002,0.9572,1.1431
1788592760.2574403,0.5117,0.38,0.9707,1.1612
1788592760.3074403,0.426,0.359,0.9498,1.1011
1788592760.3574402,0.4746,0.3823,1.0178,1.1863
1788592760.4074402,0.4482,0.3545,0.9683,1.1243
1788592760.4574404,0.4607,0.3943,0.9496,1.1267
1788592760.5074403,0.4501,0.3506,1.0209,1.1695
1788592760.5574403,0.4171,0.4228,0.9092,1.086
1788592760.6074402,0.451,0.3797,0.9153,1.0887
1788592760.6574402,0.4864,0.3478,1.0116,1.1751
1788592760.7074404,0.4837,0.4286,0.9538,1.1521
1788592760.7574403,0.4845,0.4257,0.9366,1.1372
1788592760.8074403,0.401,0.3677,0.9409,1.0869
1788592760.8574402,0.4129,0.3794,0.9141,1.0724
1788592760.9074402,0.4549,0.3965,0.8489,1.0415
1788592760.9574404,0.4617,0.3777,0.9263,1.1018
1788592761.0074403,0.4397,0.3667,0.9132,1.0778
1788592761.0574403,0.4746,0.422,0.9598,1.1509
1788592761.1074402,0.4184,0.3352,0.9663,1.1051
1788592761.1574402,0.4822,0.394,0.9213,1.112
1788592761.2074404,0.4853,0.3548,0.8618,1.0508
1788592761.2574403,0.4317,0.3795,0.9466,1.1074
1788592761.3074403,0.3958,0.3876,0.9531,1.1024
1788592761.3574402,0.4747,0.4065,0.9454,1.1333
1788592761.4074402,0.4907,0.4109,0.9504,1.1458
1788592761.4574404,0.4642,0.3967,0.9059,1.0925
1788592761.5074403,0.4573,0.3582,0.9551,1.1179
1788592761.5574403,0.4656,0.3635,0.9523,1.1206
1788592761.6074402,0.4667,0.3922,0.908,1.0937
1788592761.6574402,0.4773,0.4576,0.9028,1.119
1788592761.7074404,0.4286,0.3305,0.9397,1.0844
1788592761.7574403,0.3911,0.3341,0.8979,1.0348
1788592761.8074403,0.4174,0.3444,0.9245,1.0712
1788592761.8574402,0.4248,0.2968,0.9671,1.0972
1788592761.9074402,0.4229,0.4118,0.9553,1.123
1788592761.9574404,0.4607,0.2983,0.8828,1.0395
1788592762.0074403,0.4607,0.393,0.9541,1.13
1788592762.0574403,0.4461,0.3982,0.9887,1.1555
1788592762.1074402,0.4573,0.3699,0.8681,1.0486
1788592762.1574402,0.4436,0.3542,0.9873,1.1389
1788592762.2074404,0.4508,0.3558,0.946,1.1067
1788592762.2574403,0.4849,0.3897,0.9727,1.1546
1788592762.3074403,0.4697,0.3045,0.9288,1.0844
1788592762.3574402,0.4329,0.3541,0.9645,1.1149
1788592762.4074402,0.4553,0.3553,0.9391,1.1025
1788592762.4574404,0.4496,0.3779,0.9608,1.1261
1788592762.5074403,0.4603,0.3594,0.9634,1.1266
1788592762.5574403,0.394,0.3281,0.9544,1.0834
1788592762.6074402,0.4295,0.3577,1.0062,1.151
1788592762.6574402,0.3941,0.3599,0.9444,1.0848
1788592762.7074404,0.4695,0.3775,0.9691,1.1411
1788592762.7574403,0.4476,0.3974,0.9424,1.1164
1788592762.8074403,0.4791,0.3401,1.0131,1.1711
1788592762.8574402,0.4873,0.3698,0.9675,1.1447
1788592762.9074402,0.394,0.4086,0.9003,1.0643
1788592762.9574404,0.4789,0.3859,1.0061,1.1792
1788592763.0074403,0.4675,0.4119,0.9436,1.1308
1788592763.0574403,0.4802,0.4026,0.9571,1.144
1788592763.1074402,0.417,0.4231,0.9598,1.1288
1788592763.1574402,0.4514,0.3025,0.9312,1.0781
1788592763.2074404,0.4243,0.3998,0.9903,1.1492
1788592763.2574403,0.4889,0.4216,0.9493,1.148
1788592763.3074403,0.4171,0.3788,0.9288,1.0863
1788592763.3574402,0.4303,0.4242,0.9203,1.1009
1788592763.4074402,0.4439,0.3937,0.9051,1.0822
1788592763.4574404,0.4673,0.3893,0.9496,1.1277
1788592763.5074403,0.462,0.3887,0.9923,1.1615
1788592763.5574403,0.4548,0.3891,1.0087,1.1729
1788592763.6074402,0.4482,0.3393,0.935,1.091
1788592763.6574402,0.4097,0.377,1.0005,1.145
1788592763.7074404,0.5031,0.3571,0.9988,1.174
1788592763.7574403,0.4511,0.3784,1.0123,1.1711
1788592763.8074403,0.4296,0.4053,0.9424,1.1122
1788592763.8574402,0.4604,0.3865,1.0105,1.1758
1788592763.9074402,0.432,0.4247,0.9706,1.1441
1788592763.9574404,0.5102,0.4005,0.9781,1.1736
1788592764.0074403,0.4545,0.354,0.9672,1.1258
1788592764.0574403,0.4598,0.3295,0.9649,1.1185
1788592764.1074402,0.4616,0.3704,0.9794,1.1443
1788592764.1574402,0.3862,0.3984,0.8728,1.0342
1788592764.2074404,0.394,0.3891,0.9492,1.0989
1788592764.2574403,0.475,0.3745,1.0067,1.1744
1788592764.3074403,0.4234,0.4424,0.8974,1.0864
1788592764.3574402,0.4537,0.3494,0.9987,1.1512
1788592764.4074402,0.4876,0.3962,0.9332,1.125
1788592764.4574404,0.4345,0.3328,1.0184,1.1562
1788592764.5074403,0.4949,0.3965,0.9363,1.1308
1788592764.5574403,0.4744,0.4067,0.9324,1.1224
1788592764.6074402,0.478,0.3674,0.9426,1.1189
1788592764.6574402,0.4703,0.3588,0.9563,1.1245
1788592764.7074404,0.4146,0.4273,0.9393,1.1121
1788592764.7574403,0.4243,0.4063,1.0202,1.1773
1788592764.8074403,0.3968,0.4124,0.9171,1.081
1788592764.8574402,0.4767,0.4168,0.963,1.1525
1788592764.9074402,0.455,0.3577,0.9562,1.1177
1788592764.9574404,0.4772,0.406,0.9993,1.1795
1788592765.0074403,0.472,0.4277,0.9322,1.129
1788592765.0574403,0.445,0.3364,0.9753,1.1236
1788592765.1074402,0.4729,0.3568,0.9267,1.0999
1788592765.1574402,0.4906,0.3721,0.9407,1.1243
1788592765.2074404,0.4658,0.3554,0.9683,1.1318
1788592765.2574403,0.4713,0.4004,0.9211,1.1094
1788592765.3074403,0.4376,0.3103,1.007,1.141
1788592765.3574402,0.4145,0.3885,0.9187,1.0802
1788592765.4074402,0.4207,0.3595,1.025,1.1648
1788592765.4574404,0.501,0.3637,0.9413,1.1266
1788592765.5074403,0.4339,0.412,0.9809,1.149
1788592765.5574403,0.5051,0.3948,0.9843,1.1747
1788592765.6074402,0.4787,0.4084,0.9543,1.1431
1788592765.6574402,0.439,0.3995,0.9199,1.0948
1788592765.7074404,0.4029,0.3825,0.976,1.123
1788592765.7574403,0.4066,0.3504,0.8971,1.0454
1788592765.8074403,0.45,0.3605,0.9309,1.095
1788592765.8574402,0.4324,0.3623,0.9358,1.0927
1788592765.9074402,0.435,0.3912,0.9556,1.1205
1788592765.9574404,0.42,0.4025,1.0104,1.1659
1788592766.0074403,0.4094,0.3992,0.9357,1.0966
1788592766.0574403,0.4389,0.3932,0.9199,1.0925
1788592766.1074402,0.4469,0.4201,0.918,1.1041
1788592766.1574402,0.4423,0.4092,0.9473,1.1227
1788592766.2074404,0.4688,0.3985,0.9861,1.1623
1788592766.2574403,0.469,0.4169,0.9788,1.1627
1788592766.3074403,0.4147,0.4036,0.9257,1.0917
1788592766.3574402,0.4336,0.3941,0.9301,1.0993
1788592766.4074402,0.4398,0.4073,0.9713,1.1414
1788592766.4574404,0.4611,0.3652,0.9721,1.1362
1788592766.5074403,0.4103,0.3353,0.9276,1.0683
1788592766.5574403,0.5,0.4072,1.0356,1.22
1788592766.6074402,0.427,0.408,0.9996,1.161
1788592766.6574402,0.4331,0.3981,0.9863,1.1484
1788592766.7074404,0.4327,0.353,0.9626,1.1129
1788592766.7574403,0.4505,0.42,0.9479,1.1304
1788592766.8074403,0.4216,0.3795,0.9716,1.1251
1788592766.8574402,0.4428,0.4121,0.953,1.1288
1788592766.9074402,0.4967,0.4352,0.8932,1.1108
1788592766.9574404,0.4897,0.4428,0.9729,1.1758
1788592767.0074403,0.4423,0.3949,0.9926,1.1562
1788592767.0574403,0.5422,0.3995,0.9357,1.1529
1788592767.1074402,0.4256,0.3601,1.0597,1.1974
1788592767.1574402,0.4363,0.4129,0.9407,1.1161
1788592767.2074404,0.4465,0.3876,0.8616,1.045
1788592767.2574403,0.4429,0.3668,0.9256,1.0897
1788592767.3074403,0.4386,0.3334,0.9784,1.1228
1788592767.3574402,0.4845,0.3692,0.9668,1.1427
1788592767.4074402,0.4354,0.3436,1.0321,1.1717
1788592767.4574404,0.4676,0.3132,0.9265,1.084
1788592767.5074403,0.458,0.3634,1.0058,1.1634
1788592767.5574403,0.4153,0.3683,0.9655,1.1137
1788592767.6074402,0.4323,0.3905,0.9345,1.1012
1788592767.6574402,0.5001,0.3918,0.9177,1.1161
1788592767.7074404,0.4892,0.3497,1.0199,1.184
1788592767.7574403,0.4644,0.3662,1.0361,1.193
1788592767.8074403,0.4211,0.3581,0.8976,1.0542
1788592767.8574402,0.4155,0.3543,0.9708,1.1138
1788592767.9074402,0.3956,0.4011,0.924,1.0822
1788592767.9574404,0.5143,0.385,0.9745,1.1672
1788592768.0074403,0.4294,0.3403,0.9862,1.1282
1788592768.0574403,0.3755,0.3435,0.9368,1.0661
1788592768.1074402,0.4477,0.3964,0.9606,1.1315
1788592768.1574402,0.447,0.3925,0.9788,1.1454
1788592768.2074404,0.4596,0.3866,0.9398,1.1153
1788592768.2574403,0.427,0.3787,0.9832,1.1368
1788592768.3074403,0.4719,0.3758,0.8999,1.0834
1788592768.3574402,0.4094,0.3915,0.957,1.1121
1788592768.4074402,0.4678,0.3641,0.9038,1.0809
1788592768.4574404,0.4608,0.3514,1.057,1.2054
1788592768.5074403,0.4552,0.3581,0.8903,1.0621
1788592768.5574403,0.4621,0.3865,1.0039,1.1708
1788592768.6074402,0.4083,0.3811,0.9785,1.1267
1788592768.6574402,0.4345,0.4254,0.9455,1.1242
1788592768.7074404,0.4931,0.3647,0.8883,1.0795
1788592768.7574403,0.5031,0.3375,1.0494,1.2117
1788592768.8074403,0.4039,0.4082,0.9426,1.1037
1788592768.8574402,0.4397,0.3752,0.9591,1.1198
1788592768.9074402,0.4569,0.4203,0.9726,1.1538
1788592768.9574404,0.4536,0.3548,0.9416,1.1037
1788592769.0074403,0.4103,0.3481,0.9738,1.1126
1788592769.0574403,0.4072,0.3623,1.0108,1.1484
1788592769.1074402,0.4101,0.3874,0.9332,1.0905
1788592769.1574402,0.4556,0.391,0.9313,1.108
1788592769.2074404,0.4149,0.4358,0.9756,1.1462
1788592769.2574403,0.4601,0.4382,0.8904,1.0939
1788592769.3074403,0.44,0.4593,0.9666,1.1571
1788592769.3574402,0.472,0.3765,0.9703,1.1428
1788592769.4074402,0.4394,0.3973,1.0286,1.187
1788592769.4574404,0.4086,0.3983,0.9819,1.1357
1788592769.5074403,0.4205,0.3894,0.9777,1.1333
1788592769.5574403,0.4287,0.3613,0.9165,1.0744
1788592769.6074402,0.5344,0.41,0.917,1.1378
1788592769.6574402,0.4487,0.3953,0.9303,1.1059
1788592769.7074404,0.4457,0.3995,0.9375,1.1123
1788592769.7574403,0.4721,0.4217,1.0455,1.2222
1788592769.8074403,0.4699,0.3577,0.9449,1.1143
1788592769.8574402,0.409,0.3702,0.8898,1.0469
1788592769.9074402,0.4433,0.3595,1.0081,1.1585
1788592769.9574404,0.4119,0.3961,0.9625,1.1194
1788592770.0074403,0.4197,0.3777,0.905,1.0667
1788592770.0574403,0.4508,0.3396,0.9322,1.0897
1788592770.1074402,0.4521,0.3756,0.8875,1.0645
1788592770.1574402,0.4728,0.3312,1.0341,1.1843
1788592770.2074404,0.4407,0.376,0.9575,1.1191
1788592770.2574403,0.4175,0.3755,0.9562,1.1089
1788592770.3074403,0.471,0.398,0.9637,1.1441
1788592770.3574402,0.4188,0.4071,0.9845,1.1447
1788592770.4074402,0.4683,0.4381,0.9288,1.1287
1788592770.4574404,0.4786,0.4167,0.9193,1.1171
1788592770.5074403,0.4399,0.3736,0.9347,1.0985
1788592770.5574403,0.4506,0.3629,0.945,1.108
1788592770.6074402,0.4841,0.3474,0.9739,1.1417
1788592770.6574402,0.5073,0.3588,0.8994,1.0932
1788592770.7074404,0.4205,0.3956,0.8996,1.0689
1788592770.7574403,0.4314,0.4387,1.0229,1.1937
1788592770.8074403,0.4508,0.3482,0.9561,1.1129
1788592770.8574402,0.4411,0.3607,0.9765,1.1306
1788592770.9074402,0.4673,0.405,0.9894,1.1668
1788592770.9574404,0.4142,0.383,0.9969,1.1455
1788592771.0074403,0.5047,0.2975,0.9599,1.1246
1788592771.0574403,0.4447,0.3532,0.9751,1.1284
1788592771.1074402,0.4447,0.3738,0.9712,1.1317
1788592771.1574402,0.417,0.3979,0.9308,1.0948
1788592771.2074404,0.499,0.3787,0.9416,1.1309
1788592771.2574403,0.4253,0.3856,0.9779,1.134
1788592771.3074403,0.4503,0.4092,0.9047,1.0903
1788592771.3574402,0.4337,0.3385,1.0016,1.1428
1788592771.4074402,0.4287,0.3746,0.9283,1.089
1788592771.4574404,0.438,0.3929,0.923,1.0946
1788592771.5074403,0.4117,0.3644,0.9072,1.0608
1788592771.5574403,0.4133,0.321,0.9687,1.101
1788592771.6074402,0.4641,0.4282,0.9462,1.1376
1788592771.6574402,0.4729,0.3841,0.9574,1.1348
1788592771.7074404,0.4388,0.4135,0.9539,1.1285
1788592771.7574403,0.4641,0.3839,0.9181,1.098
1788592771.8074403,0.4622,0.3935,0.9568,1.1331
1788592771.8574402,0.4271,0.3589,0.9697,1.1187
1788592771.9074402,0.4582,0.3297,0.9363,1.0933
1788592771.9574404,0.4509,0.3807,0.9349,1.1056
1788592772.0074403,0.4451,0.3617,0.9662,1.1236
1788592772.0574403,0.469,0.3895,0.9969,1.1685
1788592772.1074402,0.4683,0.358,0.9757,1.1399
1788592772.1574402,0.4807,0.3903,1.0063,1.1815
1788592772.2074404,0.4735,0.3384,0.9701,1.1313
1788592772.2574403,0.4316,0.4186,0.9457,1.1206
1788592772.3074403,0.3672,0.3558,1.0133,1.135
1788592772.3574402,0.4223,0.3904,0.9407,1.1026
1788592772.4074402,0.4471,0.3829,1.0144,1.1728
1788592772.4574404,0.4212,0.3668,0.9435,1.0964
1788592772.5074403,0.4503,0.3734,0.8687,1.0473
1788592772.5574403,0.4186,0.3978,0.9441,1.1067
1788592772.6074402,0.4554,0.3748,0.9227,1.0951
1788592772.6574402,0.4177,0.3795,0.9818,1.1324
1788592772.7074404,0.4188,0.3864,1.0004,1.1513
1788592772.7574403,0.4379,0.3904,0.9344,1.1033
1788592772.8074403,0.4941,0.3872,0.9878,1.1704
1788592772.8574402,0.4106,0.3364,0.9686,1.1045
1788592772.9074402,0.3639,0.3572,0.9318,1.0622
1788592772.9574404,0.4422,0.3832,1.0368,1.1905
1788592773.0074403,0.4685,0.372,0.9755,1.1443
1788592773.0574403,0.434,0.3799,0.9591,1.1192
1788592773.1074402,0.458,0.4135,0.9399,1.1243
1788592773.1574402,0.4273,0.3877,0.997,1.1519
1788592773.2074404,0.4634,0.3286,0.999,1.1492
1788592773.2574403,0.4615,0.3704,0.9529,1.1217
1788592773.3074403,0.4721,0.3368,0.9198,1.0874
1788592773.3574402,0.4837,0.3698,0.9698,1.1451
1788592773.4074402,0.4713,0.3717,0.985,1.1535
1788592773.4574404,0.4237,0.3245,0.9657,1.1034
1788592773.5074403,0.4443,0.4517,0.964,1.1536
1788592773.5574403,0.4446,0.3303,0.8979,1.055
1788592773.6074402,0.4165,0.3389,0.9912,1.1273
1788592773.6574402,0.4953,0.3127,0.9378,1.1057
1788592773.7074404,0.4564,0.3464,0.9077,1.0734
1788592773.7574403,0.3915,0.3082,0.9328,1.0575
1788592773.8074403,0.4342,0.3885,0.9652,1.1274
1788592773.8574402,0.47,0.411,0.9662,1.1504
1788592773.9074402,0.4292,0.3636,0.96,1.1127
1788592773.9574404,0.4209,0.3226,0.9092,1.0526
1788592774.0074403,0.4692,0.4162,0.9695,1.1547
1788592774.0574403,0.43,0.4316,0.9263,1.1087
1788592774.1074402,0.4451,0.3434,1.042,1.184
1788592774.1574402,0.4057,0.3815,0.9415,1.0939
1788592774.2074404,0.369,0.3302,0.9332,1.0564
1788592774.2574403,0.448,0.3899,0.9215,1.0963
1788592774.3074403,0.485,0.3763,0.9384,1.1213
1788592774.3574402,0.4459,0.369,0.9569,1.1183
1788592774.4074402,0.4056,0.362,1.0317,1.1662
1788592774.4574404,0.4672,0.4045,0.9505,1.1337
1788592774.5074403,0.4535,0.4143,0.9472,1.1289
1788592774.5574403,0.5068,0.3821,0.9296,1.1256
1788592774.6074402,0.4308,0.3625,0.9665,1.1185
1788592774.6574402,0.5096,0.36,0.9055,1.0996
1788592774.7074404,0.4334,0.3262,0.9462,1.0907
1788592774.7574403,0.4259,0.3752,0.9299,1.0894
1788592774.8074403,0.4795,0.3775,0.988,1.1613
1788592774.8574402,0.4823,0.3514,0.9395,1.113
1788592774.9074402,0.4815,0.3739,0.9369,1.1178
1788592774.9574404,0.4275,0.3263,0.9729,1.1116
1788592775.0074403,0.4921,0.3469,0.9282,1.1064
1788592775.0574403,0.4233,0.3577,0.9561,1.1051
1788592775.1074402,0.5018,0.3372,0.9485,1.1248
1788592775.1574402,0.4605,0.3486,0.9778,1.1356
1788592775.2074404,0.4539,0.4244,0.9804,1.1607
1788592775.2574403,0.4002,0.3731,0.9455,1.0924
1788592775.3074403,0.4765,0.3781,0.9735,1.1479
1788592775.3574402,0.4398,0.4318,0.9622,1.1427
1788592775.4074402,0.4732,0.3971,1.0256,1.1973
1788592775.4574404,0.4214,0.3884,0.875,1.046
1788592775.5074403,0.4146,0.3866,1.0469,1.1905
1788592775.5574403,0.4733,0.4096,0.9848,1.1669
1788592775.6074402,0.4262,0.3716,0.9133,1.0742
1788592775.6574402,0.4813,0.3797,0.9965,1.17
1788592775.7074404,0.3945,0.4105,0.9939,1.1454
1788592775.7574403,0.4354,0.3529,0.964,1.1151
1788592775.8074403,0.3943,0.4044,1.0032,1.1513
1788592775.8574402,0.4859,0.3593,1.0175,1.1834
1788592775.9074402,0.409,0.376,1.002,1.1457
1788592775.9574404,0.4682,0.3897,0.9077,1.0932
1788592776.0074403,0.5258,0.402,0.8665,1.0904
1788592776.0574403,0.4923,0.4371,1.0325,1.2245
1788592776.1074402,0.4253,0.3665,1.0101,1.1556
1788592776.1574402,0.465,0.4239,0.911,1.1072
1788592776.2074404,0.4547,0.3681,0.9633,1.127
1788592776.2574403,0.4771,0.3353,0.9875,1.1468
1788592776.3074403,0.4138,0.3214,0.951,1.0858
1788592776.3574402,0.4618,0.4346,0.9319,1.1272
1788592776.4074402,0.4342,0.4009,0.9905,1.1534
1788592776.4574404,0.3909,0.3361,1.0307,1.1524
1788592776.5074403,0.4423,0.4204,0.973,1.1485
1788592776.5574403,0.4397,0.3546,1.0408,1.1842
1788592776.6074402,0.4459,0.3828,0.951,1.1179
1788592776.6574402,0.4309,0.4198,0.9611,1.1339
1788592776.7074404,0.4116,0.3413,0.9448,1.0856
1788592776.7574403,0.4643,0.4053,1.0299,1.2002
1788592776.8074403,0.4564,0.3853,0.9583,1.1292
1788592776.8574402,0.4395,0.3858,1.0128,1.1695
1788592776.9074402,0.4476,0.3697,0.9054,1.0755
1788592776.9574404,0.4655,0.3801,0.924,1.1022
1788592777.0074403,0.4496,0.4083,0.9612,1.137
1788592777.0574403,0.4385,0.3434,0.9693,1.1179
1788592777.1074402,0.5098,0.375,0.9166,1.1139
1788592777.1574402,0.4878,0.3601,0.8865,1.074
1788592777.2074404,0.4604,0.3547,0.9568,1.1195
1788592777.2574403,0.4341,0.3922,0.9668,1.13
1788592777.3074403,0.4689,0.3947,0.9881,1.1628
1788592777.3574402,0.4337,0.3982,0.971,1.1356
1788592777.4074402,0.4991,0.3421,0.8863,1.0732
1788592777.4574404,0.5021,0.3622,0.9458,1.1304
1788592777.5074403,0.4814,0.374,0.9354,1.1165
1788592777.5574403,0.4763,0.3687,0.8958,1.0795
1788592777.6074402,0.4573,0.4081,0.9679,1.1456
1788592777.6574402,0.4065,0.3826,0.8368,1.0059
1788592777.7074404,0.4295,0.4112,0.9706,1.1383
1788592777.7574403,0.4696,0.3402,0.9434,1.1074
1788592777.8074403,0.4093,0.3989,0.9547,1.1127
1788592777.8574402,0.4661,0.382,0.9655,1.1381
1788592777.9074402,0.3817,0.3807,0.91,1.0577
1788592777.9574404,0.4939,0.4232,0.9847,1.1801
1788592778.0074403,0.4696,0.3794,1.0069,1.174
1788592778.0574403,0.4658,0.3631,0.9975,1.1592
1788592778.1074402,0.4563,0.3864,0.9966,1.1622
1788592778.1574402,0.4388,0.4062,1.0104,1.1741
1788592778.2074404,0.4124,0.4156,0.9479,1.1141
1788592778.2574403,0.466,0.3611,0.8349,1.0221
1788592778.3074403,0.4662,0.4299,0.9981,1.1825
1788592778.3574402,0.4355,0.3123,0.9354,1.078
1788592778.4074402,0.4248,0.3395,1.0201,1.156
1788592778.4574404,0.4595,0.4016,0.9784,1.1531
1788592778.5074403,0.4748,0.3718,0.9723,1.1441
1788592778.5574403,0.4483,0.3847,0.9405,1.1106
1788592778.6074402,0.4101,0.4048,0.8946,1.0641
1788592778.6574402,0.4659,0.3848,0.9167,1.0979
1788592778.7074404,0.5331,0.3917,0.887,1.1065
1788592778.7574403,0.4618,0.3856,1.0143,1.1793
1788592778.8074403,0.4151,0.3929,0.9468,1.1059
1788592778.8574402,0.4253,0.3886,0.9777,1.1348
1788592778.9074402,0.4765,0.3621,0.9352,1.1103
1788592778.9574404,0.4538,0.384,0.9869,1.1521
1788592779.0074403,0.3846,0.3874,0.957,1.1017
1788592779.0574403,0.4958,0.3774,0.9485,1.1349
1788592779.1074402,0.5102,0.3727,0.9396,1.1323
1788592779.1574402,0.461,0.3069,0.9509,1.1004
1788592779.2074404,0.4177,0.4007,0.9862,1.1435
1788592779.2574403,0.4376,0.3882,0.9806,1.1418
1788592779.3074403,0.404,0.4385,0.9744,1.1423
1788592779.3574402,0.4373,0.3827,0.9726,1.133
1788592779.4074402,0.4542,0.3817,0.9872,1.1518
1788592779.4574404,0.441,0.3949,0.9426,1.1131
1788592779.5074403,0.4658,0.3744,1.014,1.177
1788592779.5574403,0.4606,0.3776,1.0013,1.165
1788592779.6074402,0.5224,0.3865,1.0177,1.2075
1788592779.6574402,0.4144,0.391,0.9972,1.1485
1788592779.7074404,0.4743,0.3965,0.9274,1.1146
1788592779.7574403,0.4187,0.3671,0.9841,1.1307
1788592779.8074403,0.4313,0.4211,0.9264,1.1052
1788592779.8574402,0.461,0.3352,0.9879,1.1405
1788592779.9074402,0.432,0.4429,0.9153,1.1048
1788592779.9574404,0.4712,0.3906,0.96,1.1385
1788592780.0074403,0.4575,0.3957,1.0194,1.1854
1788592780.0574403,0.4913,0.3997,0.9442,1.1369
1788592780.1074402,0.4537,0.3452,0.9273,1.0885
1788592780.1574402,0.4235,0.3671,0.9916,1.139
1788592780.2074404,0.4391,0.4026,0.9563,1.1267
1788592780.2574403,0.4649,0.3952,0.9921,1.1647
1788592780.3074403,0.4323,0.3215,0.9478,1.0902
1788592780.3574402,0.4321,0.3523,0.9515,1.1028
1788592780.4074402,0.469,0.4227,0.9478,1.1388
1788592780.4574404,0.4193,0.424,0.9617,1.1316
1788592780.5074403,0.4308,0.4053,0.9797,1.1444
1788592780.5574403,0.4364,0.3315,0.9126,1.0645
1788592780.6074402,0.4058,0.3844,0.9612,1.1119
1788592780.6574402,0.4331,0.3682,0.8812,1.0486
1788592780.7074404,0.4392,0.4072,0.9715,1.1413
1788592780.7574403,0.4528,0.3697,0.8758,1.053
1788592780.8074403,0.4314,0.4203,0.94,1.1164
1788592780.8574402,0.4641,0.3914,0.9397,1.1188
1788592780.9074402,0.4493,0.3874,0.9271,1.1007
1788592780.9574404,0.5094,0.3931,1.0218,1.2075
1788592781.0074403,0.4252,0.4216,1.0494,1.2082
1788592781.0574403,0.4457,0.3787,0.9258,1.0951
1788592781.1074402,0.4724,0.3547,0.9113,1.086
1788592781.1574402,0.4849,0.357,0.8993,1.0823
1788592781.2074404,0.4759,0.3902,0.956,1.137
1788592781.2574403,0.4645,0.3654,0.9548,1.1229
1788592781.3074403,0.4857,0.3515,0.9412,1.1159
1788592781.3574402,0.5058,0.4403,0.946,1.1596
1788592781.4074402,0.4699,0.3842,0.9282,1.109
1788592781.4574404,0.4989,0.3958,0.965,1.1562
1788592781.5074403,0.4657,0.4073,1.0149,1.1886
1788592781.5574403,0.4307,0.377,1.0505,1.1963
1788592781.6074402,0.4342,0.4197,0.991,1.1605
1788592781.6574402,0.4629,0.3935,0.907,1.0917
1788592781.7074404,0.4576,0.4072,0.9516,1.1317
1788592781.7574403,0.4594,0.4168,0.946,1.1312
1788592781.8074403,0.4228,0.3777,0.9775,1.13
1788592781.8574402,0.4985,0.4015,0.9381,1.1357
1788592781.9074402,0.4694,0.4505,0.9041,1.1139
1788592781.9574404,0.4128,0.3651,0.8985,1.054
1788592782.0074403,0.4291,0.3939,0.8902,1.0638
1788592782.0574403,0.4335,0.3602,0.952,1.1063
1788592782.1074402,0.4483,0.3491,0.8986,1.0632
1788592782.1574402,0.4173,0.3626,0.8717,1.0322
1788592782.2074404,0.4266,0.3861,0.971,1.1287
1788592782.2574403,0.464,0.3602,0.9688,1.133
1788592782.3074403,0.4918,0.2946,0.9692,1.1261
1788592782.3574402,0.4043,0.3679,0.8932,1.0472
1788592782.4074402,0.4015,0.4106,0.9753,1.1318
1788592782.4574404,0.501,0.4052,0.944,1.1429
1788592782.5074403,0.4535,0.383,0.9341,1.1067
1788592782.5574403,0.4468,0.3777,0.9033,1.0762
1788592782.6074402,0.4442,0.401,0.9315,1.1072
1788592782.6574402,0.4298,0.4121,1.0115,1.1737
1788592782.7074404,0.465,0.3176,0.9463,1.1012
1788592782.7574403,0.462,0.4086,0.9348,1.1199
1788592782.8074403,0.4444,0.4417,0.9204,1.1134
1788592782.8574402,0.4847,0.3656,0.9693,1.1437
1788592782.9074402,0.4708,0.3639,0.9065,1.0844
1788592782.9574404,0.4332,0.3731,0.9612,1.1184
1788592783.0074403,0.51,0.4217,0.9359,1.1462
1788592783.0574403,0.4293,0.3455,0.9663,1.1124
1788592783.1074402,0.4348,0.3242,0.9508,1.0946
1788592783.1574402,0.4375,0.4409,0.9173,1.1078
1788592783.2074404,0.4674,0.375,0.9633,1.1345
1788592783.2574403,0.4455,0.3616,1.0034,1.1559
1788592783.3074403,0.4576,0.4551,0.9583,1.1554
1788592783.3574402,0.4766,0.3888,0.9034,1.0929
1788592783.4074402,0.442,0.4203,0.9651,1.1417
1788592783.4574404,0.4345,0.3545,0.8964,1.0574
1788592783.5074403,0.444,0.3835,0.9737,1.1368
1788592783.5574403,0.423,0.3814,0.892,1.0583
1788592783.6074402,0.4535,0.3769,0.9831,1.1464
1788592783.6574402,0.4702,0.4143,0.9717,1.1563
1788592783.7074404,0.4535,0.4258,0.9691,1.1516
1788592783.7574403,0.4608,0.3624,0.9275,1.0972
1788592783.8074403,0.4366,0.3965,0.9092,1.0837
1788592783.8574402,0.4001,0.3985,0.931,1.0889
1788592783.9074402,0.4695,0.4121,0.9401,1.1287
1788592783.9574404,0.4313,0.3837,0.9856,1.1422
1788592784.0074403,0.4799,0.3883,0.9682,1.1483
1788592784.0574403,0.4525,0.3412,0.977,1.1295
1788592784.1074402,0.4288,0.3698,0.9932,1.1433
1788592784.1574402,0.4573,0.4449,0.9898,1.1776
1788592784.2074404,0.4462,0.4178,0.9144,1.0999
1788592784.2574403,0.3981,0.4164,1.0278,1.1782
1788592784.3074403,0.4389,0.3232,0.9826,1.1237
1788592784.3574402,0.3969,0.4106,0.935,1.0956
1788592784.4074402,0.4494,0.4153,0.9322,1.1151
1788592784.4574404,0.4534,0.3573,1.0042,1.1583
1788592784.5074403,0.3824,0.4044,0.8611,1.0253
1788592784.5574403,0.4083,0.3712,0.9633,1.1102
1788592784.6074402,0.4343,0.4101,1.0495,1.2076
1788592784.6574402,0.4658,0.4043,0.9294,1.1154
1788592784.7074404,0.4245,0.4005,0.9649,1.1277
1788592784.7574403,0.4729,0.3533,0.963,1.1295
1788592784.8074403,0.4965,0.4199,0.9759,1.1727
1788592784.8574402,0.4355,0.3694,0.9094,1.0738
1788592784.9074402,0.4857,0.4005,0.9379,1.1296
1788592784.9574404,0.433,0.3216,0.9328,1.0775
1788592785.0074403,0.4565,0.3625,0.8679,1.0455
1788592785.0574403,0.46,0.3555,0.9644,1.1261
1788592785.1074402,0.4707,0.3564,0.9968,1.1585
1788592785.1574402,0.4407,0.3451,1.0201,1.1636
1788592785.2074404,0.4619,0.4383,0.8638,1.0731
1788592785.2574403,0.4408,0.3997,0.9122,1.0891
1788592785.3074403,0.447,0.3563,0.9085,1.0734
1788592785.3574402,0.4732,0.4066,0.8789,1.0778
1788592785.4074402,0.4832,0.3399,0.9948,1.157
1788592785.4574404,0.4308,0.3388,0.9454,1.0928
1788592785.5074403,0.4703,0.3648,1.0695,1.224
1788592785.5574403,0.4425,0.4016,0.9336,1.1085
1788592785.6074402,0.4708,0.435,0.9251,1.1255
1788592785.6574402,0.4411,0.4249,0.9631,1.1413
1788592785.7074404,0.4485,0.3789,0.9308,1.1005
1788592785.7574403,0.4595,0.3613,0.8801,1.0565
1788592785.8074403,0.4492,0.4042,0.9467,1.1231
1788592785.8574402,0.475,0.4215,0.9446,1.1382
1788592785.9074402,0.4229,0.3895,0.9465,1.1074
1788592785.9574404,0.4665,0.4024,0.8928,1.0847
1788592786.0074403,0.5062,0.362,0.9477,1.1338
1788592786.0574403,0.401,0.3599,0.9982,1.1343
1788592786.1074402,0.4131,0.4149,0.9729,1.1355
1788592786.1574402,0.4304,0.3841,0.9608,1.1207
1788592786.2074404,0.4499,0.3922,0.8933,1.0743
1788592786.2574403,0.4071,0.3639,0.9128,1.0637
1788592786.3074403,0.4515,0.3731,0.9441,1.111
1788592786.3574402,0.4445,0.3647,0.9693,1.127
1788592786.4074402,0.4512,0.4226,0.9456,1.1297
1788592786.4574404,0.4412,0.3847,0.9182,1.0889
1788592786.5074403,0.3828,0.3829,0.9848,1.1238
1788592786.5574403,0.4484,0.3779,0.9439,1.1112
1788592786.6074402,0.4981,0.3365,0.9248,1.103
1788592786.6574402,0.474,0.3602,0.9711,1.1391
1788592786.7074404,0.4708,0.3668,1.0099,1.1731
1788592786.7574403,0.4315,0.4009,0.8891,1.0665
1788592786.8074403,0.4504,0.3264,0.9348,1.0878
1788592786.8574402,0.4421,0.4375,0.8635,1.0642
1788592786.9074402,0.4342,0.3669,0.9425,1.1007
1788592786.9574404,0.4516,0.3887,0.975,1.1427
1788592787.0074403,0.4952,0.3501,1.0056,1.1743
1788592787.0574403,0.4628,0.3591,0.9655,1.1293
1788592787.1074402,0.4676,0.3758,0.9736,1.1436
1788592787.1574402,0.4431,0.3888,0.8646,1.0464
1788592787.2074404,0.4501,0.3472,0.9439,1.1019
1788592787.2574403,0.4264,0.4785,0.9601,1.1544
1788592787.3074403,0.4311,0.39,0.9234,1.0912
1788592787.3574402,0.4473,0.3745,0.8918,1.0657
1788592787.4074402,0.4261,0.3808,0.9257,1.0879
1788592787.4574404,0.3979,0.3463,0.9488,1.0856
1788592787.5074403,0.4812,0.4069,0.9442,1.1352
1788592787.5574403,0.517,0.3939,0.9505,1.1515
1788592787.6074402,0.3805,0.3556,0.9734,1.104
1788592787.6574402,0.4511,0.3513,0.9078,1.0728
1788592787.7074404,0.4588,0.4578,0.9724,1.1686
1788592787.7574403,0.4579,0.3674,0.9618,1.1268
1788592787.8074403,0.4113,0.3979,0.9389,1.0996
1788592787.8574402,0.508,0.3586,1.0244,1.1984
1788592787.9074402,0.469,0.3778,0.9938,1.162
1788592787.9574404,0.4676,0.3535,0.9522,1.1182
1788592788.0074403,0.4616,0.4032,0.9252,1.1098
1788592788.0574403,0.4162,0.3918,0.914,1.078
1788592788.1074402,0.395,0.3752,0.9373,1.0841
1788592788.1574402,0.439,0.3545,0.9008,1.0629
1788592788.2074404,0.4619,0.3355,0.9337,1.0944
1788592788.2574403,0.5126,0.3495,0.9715,1.1527
1788592788.3074403,0.453,0.4113,0.9751,1.1512
1788592788.3574402,0.4238,0.3713,0.8968,1.0591
1788592788.4074402,0.4241,0.3965,0.9553,1.1179
1788592788.4574404,0.406,0.3662,0.9456,1.0923
1788592788.5074403,0.4525,0.3965,1.0341,1.1964
1788592788.5574403,0.4037,0.3888,0.9595,1.1112
1788592788.6074402,0.4496,0.4285,0.964,1.1468
1788592788.6574402,0.4708,0.3611,0.9808,1.1463
1788592788.7074404,0.3961,0.3471,1.0213,1.1491
1788592788.7574403,0.5022,0.3785,0.9344,1.1263
1788592788.8074403,0.4507,0.3913,0.9714,1.1401
1788592788.8574402,0.439,0.3745,0.957,1.1175
1788592788.9074402,0.4231,0.424,0.9309,1.107
1788592788.9574404,0.4578,0.3347,0.9458,1.1028
1788592789.0074403,0.4917,0.3708,0.9263,1.1123
1788592789.0574403,0.4086,0.3579,0.957,1.1004
1788592789.1074402,0.4384,0.4174,0.9392,1.1174
1788592789.1574402,0.4678,0.3587,0.9559,1.1231
1788592789.2074404,0.4698,0.4378,0.9459,1.1433
1788592789.2574403,0.4802,0.37,0.9206,1.1023
1788592789.3074403,0.4216,0.374,1.0126,1.1589
1788592789.3574402,0.4498,0.3829,0.9695,1.1353
1788592789.4074402,0.5251,0.352,0.9565,1.1465
1788592789.4574404,0.4766,0.3678,0.9271,1.1054
1788592789.5074403,0.413,0.3757,1.0028,1.1477
1788592789.5574403,0.4173,0.4466,0.9338,1.1161
1788592789.6074402,0.4555,0.3699,0.9651,1.1295
1788592789.6574402,0.4831,0.3629,0.8224,1.0205
1788592789.7074404,0.4978,0.4123,0.9359,1.1374
1788592789.7574403,0.4383,0.3809,0.9537,1.1166
1788592789.8074403,0.4693,0.3989,0.9689,1.1481
1788592789.8574402,0.4279,0.3556,0.8891,1.0488
1788592789.9074402,0.4543,0.3717,1.0179,1.175
1788592789.9574404,0.4522,0.3687,0.9557,1.1197
1788592790.0074403,0.489,0.3819,0.9493,1.1341
1788592790.0574403,0.4744,0.3456,0.9443,1.1118
1788592790.1074402,0.4984,0.3874,1.001,1.1834
1788592790.1574402,0.4489,0.3493,0.9234,1.0845
1788592790.2074404,0.4392,0.387,0.9455,1.112
1788592790.2574403,0.4636,0.3735,0.9779,1.1449
1788592790.3074403,0.3669,0.4066,0.9179,1.0689
1788592790.3574402,0.421,0.394,0.9321,1.096
1788592790.4074402,0.4729,0.3374,1.0088,1.1641
1788592790.4574404,0.4575,0.3967,0.9705,1.1439
1788592790.5074403,0.4315,0.407,0.955,1.1242
1788592790.5574403,0.4247,0.4087,0.9275,1.0989
1788592790.6074402,0.5038,0.3639,0.8997,1.0935
1788592790.6574402,0.4538,0.3737,0.969,1.1334
1788592790.7074404,0.3997,0.3712,0.8917,1.0453
1788592790.7574403,0.4745,0.347,0.9233,1.0946
1788592790.8074403,0.4848,0.4383,0.9378,1.1431
1788592790.8574402,0.4428,0.3737,1.0093,1.1638
1788592790.9074402,0.4472,0.4033,0.918,1.0979
1788592790.9574404,0.4192,0.3702,1.0347,1.1762
1788592791.0074403,0.4753,0.4071,0.9458,1.1341
1788592791.0574403,0.419,0.3831,0.9591,1.1145
1788592791.1074402,0.3965,0.4126,0.9118,1.0765
1788592791.1574402,0.4133,0.3901,0.9738,1.1275
1788592791.2074404,0.4368,0.3886,1.0696,1.219
1788592791.2574403,0.4674,0.4071,1.0122,1.1869
1788592791.3074403,0.4452,0.3833,0.9716,1.1354
1788592791.3574402,0.4802,0.3639,0.9016,1.0844
1788592791.4074402,0.4267,0.4134,0.9303,1.1038
1788592791.4574404,0.4647,0.3856,0.9615,1.1354
1788592791.5074403,0.4435,0.3541,1.0028,1.1523
1788592791.5574403,0.4296,0.3903,0.9266,1.0934
1788592791.6074402,0.4356,0.3997,0.9579,1.1256
1788592791.6574402,0.4771,0.3591,0.9102,1.0886
1788592791.7074404,0.4091,0.4215,0.93,1.1
1788592791.7574403,0.4706,0.4194,0.9896,1.1733
1788592791.8074403,0.435,0.3869,0.9055,1.0765
1788592791.8574402,0.4341,0.3893,0.956,1.1198
1788592791.9074402,0.4777,0.3918,0.9348,1.1205
1788592791.9574404,0.4643,0.4121,0.9241,1.1133
1788592792.0074403,0.4064,0.3353,0.8384,0.9902
1788592792.0574403,0.4266,0.3932,0.927,1.0936
1788592792.1074402,0.4218,0.3847,0.9733,1.1284
1788592792.1574402,0.4084,0.3585,0.9453,1.0904
1788592792.2074404,0.4433,0.3831,0.9808,1.1425
1788592792.2574403,0.4539,0.3905,0.9234,1.1005
1788592792.3074403,0.4531,0.36,0.9515,1.1137
1788592792.3574402,0.455,0.4523,0.8511,1.0658
1788592792.4074402,0.4271,0.3992,1.0607,1.2111
1788592792.4574404,0.4423,0.4586,0.9448,1.1396
1788592792.5074403,0.4327,0.3742,0.9656,1.1223
1788592792.5574403,0.4488,0.3466,0.9466,1.1035
1788592792.6074402,0.4753,0.3513,0.9388,1.1094
1788592792.6574402,0.4645,0.3738,0.9585,1.1288
1788592792.7074404,0.4798,0.3402,0.9369,1.1062
1788592792.7574403,0.4805,0.4092,0.9299,1.1239
1788592792.8074403,0.3807,0.3698,0.9897,1.123
1788592792.8574402,0.4054,0.3928,0.9669,1.1196
1788592792.9074402,0.408,0.3823,0.946,1.0989
1788592792.9574404,0.3864,0.3854,0.9879,1.1286
1788592793.0074403,0.4427,0.3536,0.9171,1.078
1788592793.0574403,0.4903,0.4105,0.9746,1.1657
1788592793.1074402,0.4745,0.361,1.0036,1.1673
1788592793.1574402,0.4694,0.3651,0.9714,1.139
1788592793.2074404,0.4173,0.4032,0.9196,1.0874
1788592793.2574403,0.4368,0.3518,0.9166,1.0746
1788592793.3074403,0.4864,0.4123,0.9683,1.1594
1788592793.3574402,0.4768,0.3638,0.975,1.1447
1788592793.4074402,0.4243,0.3929,1.015,1.1682
1788592793.4574404,0.4779,0.3672,0.9321,1.11
1788592793.5074403,0.4735,0.4168,1.0665,1.2391
1788592793.5574403,0.4194,0.3669,0.9589,1.1091
1788592793.6074402,0.3842,0.323,0.9185,1.0467
1788592793.6574402,0.4205,0.3638,0.9067,1.0636
1788592793.7074404,0.4575,0.379,0.8802,1.0619
1788592793.7574403,0.4758,0.4166,0.9042,1.1034
1788592793.8074403,0.4543,0.4048,0.8976,1.0844
1788592793.8574402,0.4176,0.3472,0.9054,1.0558
1788592793.9074402,0.4502,0.3812,0.9669,1.1326
1788592793.9574404,0.4105,0.3466,0.9163,1.0622
1788592794.0074403,0.4125,0.3802,1.0076,1.1532
1788592794.0574403,0.4938,0.3969,0.9609,1.151
1788592794.1074402,0.4328,0.3536,0.8797,1.0422
1788592794.1574402,0.4216,0.3291,1.0104,1.1432
1788592794.2074404,0.458,0.3964,0.9424,1.1203
1788592794.2574403,0.45,0.423,0.9194,1.1076
1788592794.3074403,0.4491,0.384,0.9136,1.088
1788592794.3574402,0.4284,0.3675,0.9619,1.1153
1788592794.4074402,0.4153,0.3594,0.8722,1.0307
1788592794.4574404,0.4433,0.3189,0.9334,1.0814
1788592794.5074403,0.4683,0.3618,0.9193,1.0933
1788592794.5574403,0.4801,0.3524,0.9383,1.1113
1788592794.6074402,0.4636,0.3555,0.9436,1.1098
1788592794.6574402,0.3947,0.4174,0.9614,1.12
1788592794.7074404,0.4414,0.3626,1.0176,1.167
1788592794.7574403,0.4103,0.3649,0.9394,1.0881
1788592794.8074403,0.4462,0.3638,0.9167,1.0825
1788592794.8574402,0.4338,0.373,0.9132,1.0776
1788592794.9074402,0.4275,0.3639,0.9305,1.0867
1788592794.9574404,0.4516,0.3384,0.9572,1.1112
1788592795.0074403,0.3793,0.3908,0.9804,1.1215
